datum,proces,celkem,pozde
2025-09-05,1. Pick,53,52
2025-09-05,2. Pack,53,52
2025-09-05,3. Sort,53,52
2025-09-05,4. EXP (ČS),53,52
2025-09-05,5. EXP (DLT),53,52
2025-09-15,1. Pick,5259,3410
2025-09-15,2. Pack,5259,4299
2025-09-15,3. Sort,5260,4480
2025-09-15,4. EXP (ČS),5259,5180
2025-09-15,5. EXP (DLT),1666,1585
2025-09-15,7. BJ (ČS),142,138
2025-09-16,1. Pick,8905,375
2025-09-16,2. Pack,8905,479
2025-09-16,3. Sort,8905,938
2025-09-16,4. EXP (ČS),8905,2569
2025-09-16,5. EXP (DLT),9026,2111
2025-09-16,7. BJ (ČS),6558,4091
2025-09-17,1. Pick,8612,72
2025-09-17,2. Pack,8612,82
2025-09-17,3. Sort,8612,330
2025-09-17,4. EXP (ČS),8612,2213
2025-09-17,5. EXP (DLT),10045,150
2025-09-17,7. BJ (ČS),7194,2371
2025-09-18,1. Pick,9103,47
2025-09-18,2. Pack,9103,85
2025-09-18,3. Sort,9103,361
2025-09-18,4. EXP (ČS),9103,381
2025-09-18,5. EXP (DLT),9899,305
2025-09-18,7. BJ (ČS),7793,1198
2025-09-19,1. Pick,7961,11
2025-09-19,2. Pack,7961,50
2025-09-19,3. Sort,7961,123
2025-09-19,4. EXP (ČS),7961,56
2025-09-19,5. EXP (DLT),8995,48
2025-09-19,7. BJ (ČS),6577,453
2025-09-20,1. Pick,7832,29
2025-09-20,2. Pack,7832,42
2025-09-20,3. Sort,7832,250
2025-09-20,4. EXP (ČS),7832,41
2025-09-20,5. EXP (DLT),7827,38
2025-09-20,7. BJ (ČS),6215,102
2025-09-21,1. Pick,7955,30
2025-09-21,2. Pack,7955,58
2025-09-21,3. Sort,7955,347
2025-09-21,4. EXP (ČS),7955,167
2025-09-21,5. EXP (DLT),8102,168
2025-09-21,7. BJ (ČS),5544,229
2025-09-22,1. Pick,12711,395
2025-09-22,2. Pack,12711,541
2025-09-22,3. Sort,12711,1040
2025-09-22,4. EXP (ČS),12711,2163
2025-09-22,5. EXP (DLT),10594,906
2025-09-22,7. BJ (ČS),6477,1712
2025-09-23,1. Pick,16076,1032
2025-09-23,2. Pack,16076,1151
2025-09-23,3. Sort,16076,1943
2025-09-23,4. EXP (ČS),16149,2917
2025-09-23,5. EXP (DLT),15631,1028
2025-09-23,7. BJ (ČS),6898,1843
2025-09-24,1. Pick,19967,4690
2025-09-24,2. Pack,19967,8076
2025-09-24,3. Sort,19967,8890
2025-09-24,4. EXP (ČS),20081,7932
2025-09-24,5. EXP (DLT),18346,6698
2025-09-24,7. BJ (ČS),5735,498
2025-09-25,1. Pick,19732,226
2025-09-25,2. Pack,19732,964
2025-09-25,3. Sort,19732,2038
2025-09-25,4. EXP (ČS),19862,1051
2025-09-25,5. EXP (DLT),21270,465
2025-09-25,7. BJ (ČS),5295,989
2025-09-26,1. Pick,16819,221
2025-09-26,2. Pack,16819,422
2025-09-26,3. Sort,16819,525
2025-09-26,4. EXP (ČS),17090,1032
2025-09-26,5. EXP (DLT),18654,163
2025-09-26,7. BJ (ČS),4236,383
2025-09-27,1. Pick,16336,114
2025-09-27,2. Pack,16336,205
2025-09-27,3. Sort,16336,1784
2025-09-27,4. EXP (ČS),16473,1411
2025-09-27,5. EXP (DLT),16738,325
2025-09-27,7. BJ (ČS),4095,1082
2025-09-28,1. Pick,17583,631
2025-09-28,2. Pack,17583,1061
2025-09-28,3. Sort,17583,1833
2025-09-28,4. EXP (ČS),17583,772
2025-09-28,5. EXP (DLT),17908,655
2025-09-28,7. BJ (ČS),3200,395
2025-09-29,1. Pick,20702,2632
2025-09-29,2. Pack,20702,4360
2025-09-29,3. Sort,20702,4758
2025-09-29,4. EXP (ČS),20904,3267
2025-09-29,5. EXP (DLT),19995,2812
2025-09-29,7. BJ (ČS),3459,525
2025-09-30,1. Pick,20749,357
2025-09-30,2. Pack,20749,707
2025-09-30,3. Sort,20600,1459
2025-09-30,4. EXP (ČS),20604,918
2025-09-30,5. EXP (DLT),20523,767
2025-09-30,7. BJ (ČS),4406,672
2025-10-01,1. Pick,21502,929
2025-10-01,2. Pack,21502,1739
2025-10-01,3. Sort,21501,2085
2025-10-01,4. EXP (ČS),21838,1623
2025-10-01,5. EXP (DLT),22285,1369
2025-10-01,7. BJ (ČS),4526,594
2025-10-02,1. Pick,20379,1322
2025-10-02,2. Pack,20379,2456
2025-10-02,3. Sort,20342,2117
2025-10-02,4. EXP (ČS),20637,1190
2025-10-02,5. EXP (DLT),20611,960
2025-10-02,7. BJ (ČS),4299,722
2025-10-03,1. Pick,17229,186
2025-10-03,2. Pack,17229,226
2025-10-03,3. Sort,17337,571
2025-10-03,4. EXP (ČS),17574,771
2025-10-03,5. EXP (DLT),17871,677
2025-10-03,7. BJ (ČS),4002,329
2025-10-04,1. Pick,16852,2961
2025-10-04,2. Pack,16852,5437
2025-10-04,3. Sort,16884,5686
2025-10-04,4. EXP (ČS),17040,8770
2025-10-04,5. EXP (DLT),15666,8027
2025-10-04,7. BJ (ČS),3606,889
2025-10-05,1. Pick,17669,129
2025-10-05,2. Pack,17669,278
2025-10-05,3. Sort,17578,723
2025-10-05,4. EXP (ČS),17555,395
2025-10-05,5. EXP (DLT),19172,316
2025-10-05,7. BJ (ČS),3181,1432
2025-10-06,1. Pick,24600,2187
2025-10-06,2. Pack,24600,3921
2025-10-06,3. Sort,24641,4743
2025-10-06,4. EXP (ČS),24774,12835
2025-10-06,5. EXP (DLT),24220,11030
2025-10-06,7. BJ (ČS),4151,1810
2025-10-07,1. Pick,25389,5600
2025-10-07,2. Pack,25389,8948
2025-10-07,3. Sort,25313,9726
2025-10-07,4. EXP (ČS),25761,9016
2025-10-07,5. EXP (DLT),24998,8050
2025-10-07,7. BJ (ČS),5095,1076
2025-10-08,1. Pick,26079,1244
2025-10-08,2. Pack,26079,2718
2025-10-08,3. Sort,26134,2359
2025-10-08,4. EXP (ČS),26367,1676
2025-10-08,5. EXP (DLT),26182,1252
2025-10-08,7. BJ (ČS),5154,583
2025-10-09,1. Pick,25571,367
2025-10-09,2. Pack,25571,391
2025-10-09,3. Sort,25525,712
2025-10-09,4. EXP (ČS),25858,829
2025-10-09,5. EXP (DLT),26883,599
2025-10-09,7. BJ (ČS),5380,626
2025-10-10,1. Pick,22571,365
2025-10-10,2. Pack,22571,526
2025-10-10,3. Sort,22625,924
2025-10-10,4. EXP (ČS),22790,610
2025-10-10,5. EXP (DLT),22905,547
2025-10-10,7. BJ (ČS),4662,321
2025-10-11,1. Pick,20841,104
2025-10-11,2. Pack,20841,120
2025-10-11,3. Sort,20852,588
2025-10-11,4. EXP (ČS),20954,1129
2025-10-11,5. EXP (DLT),20872,237
2025-10-11,7. BJ (ČS),4806,437
2025-10-12,1. Pick,21120,4104
2025-10-12,2. Pack,21120,6970
2025-10-12,3. Sort,21084,7103
2025-10-12,4. EXP (ČS),21091,5333
2025-10-12,5. EXP (DLT),21609,5286
2025-10-12,7. BJ (ČS),4059,836
2025-10-13,1. Pick,24312,1043
2025-10-13,2. Pack,24312,979
2025-10-13,3. Sort,24331,2204
2025-10-13,4. EXP (ČS),24551,1103
2025-10-13,5. EXP (DLT),24113,985
2025-10-13,7. BJ (ČS),5361,1799
2025-10-14,1. Pick,26305,1993
2025-10-14,2. Pack,26305,2935
2025-10-14,3. Sort,26262,3301
2025-10-14,4. EXP (ČS),26573,2883
2025-10-14,5. EXP (DLT),25633,2314
2025-10-14,7. BJ (ČS),7182,926
2025-10-15,1. Pick,24286,409
2025-10-15,2. Pack,24286,592
2025-10-15,3. Sort,24259,984
2025-10-15,4. EXP (ČS),24472,681
2025-10-15,5. EXP (DLT),25227,535
2025-10-15,7. BJ (ČS),6494,405
2025-10-16,1. Pick,22728,217
2025-10-16,2. Pack,22728,403
2025-10-16,3. Sort,22695,588
2025-10-16,4. EXP (ČS),22932,475
2025-10-16,5. EXP (DLT),23099,356
2025-10-16,7. BJ (ČS),6333,570
2025-10-17,1. Pick,20240,756
2025-10-17,2. Pack,20240,1383
2025-10-17,3. Sort,20278,1527
2025-10-17,4. EXP (ČS),20267,1499
2025-10-17,5. EXP (DLT),20570,1283
2025-10-17,7. BJ (ČS),5807,432
2025-10-18,1. Pick,18579,391
2025-10-18,2. Pack,18579,704
2025-10-18,3. Sort,18629,981
2025-10-18,4. EXP (ČS),18674,555
2025-10-18,5. EXP (DLT),18643,527
2025-10-18,7. BJ (ČS),4894,231
2025-10-19,1. Pick,20025,1027
2025-10-19,2. Pack,20025,1541
2025-10-19,3. Sort,19971,1574
2025-10-19,4. EXP (ČS),20001,1657
2025-10-19,5. EXP (DLT),20567,958
2025-10-19,7. BJ (ČS),3679,355
2025-10-20,1. Pick,17808,445
2025-10-20,2. Pack,17808,718
2025-10-20,3. Sort,17987,1003
2025-10-20,4. EXP (ČS),18323,1321
2025-10-20,5. EXP (DLT),18004,612
2025-10-20,7. BJ (ČS),4091,1041
2025-10-21,1. Pick,15954,84
2025-10-21,2. Pack,15954,109
2025-10-21,3. Sort,15658,202
2025-10-21,4. EXP (ČS),11749,163
2025-10-21,5. EXP (DLT),4318,134
2025-10-21,7. BJ (ČS),4801,526
2025-10-22,1. Pick,23998,380
2025-10-22,2. Pack,23998,324
2025-10-22,3. Sort,24125,1739
2025-10-22,4. EXP (ČS),28092,2450
2025-10-22,5. EXP (DLT),34212,1509
2025-10-22,7. BJ (ČS),6702,1357
2025-10-23,1. Pick,23506,648
2025-10-23,2. Pack,23495,877
2025-10-23,3. Sort,23460,1148
2025-10-23,4. EXP (ČS),23684,1153
2025-10-23,5. EXP (DLT),24744,891
2025-10-23,7. BJ (ČS),4963,250
2025-10-24,1. Pick,19759,163
2025-10-24,2. Pack,19770,103
2025-10-24,3. Sort,19843,369
2025-10-24,4. EXP (ČS),20060,902
2025-10-24,5. EXP (DLT),20476,436
2025-10-24,7. BJ (ČS),4352,592
2025-10-25,1. Pick,20051,189
2025-10-25,2. Pack,20051,108
2025-10-25,3. Sort,20058,230
2025-10-25,4. EXP (ČS),20212,279
2025-10-25,5. EXP (DLT),19528,158
2025-10-25,7. BJ (ČS),3766,145
2025-10-26,1. Pick,22036,217
2025-10-26,2. Pack,22035,335
2025-10-26,3. Sort,21980,755
2025-10-26,4. EXP (ČS),21945,545
2025-10-26,5. EXP (DLT),22711,326
2025-10-26,7. BJ (ČS),3208,296
2025-10-27,1. Pick,20539,284
2025-10-27,2. Pack,20540,543
2025-10-27,3. Sort,20547,587
2025-10-27,4. EXP (ČS),20705,404
2025-10-27,5. EXP (DLT),20607,294
2025-10-27,7. BJ (ČS),3704,488
2025-10-28,1. Pick,21353,257
2025-10-28,2. Pack,21353,256
2025-10-28,3. Sort,21404,252
2025-10-28,4. EXP (ČS),21581,1075
2025-10-28,5. EXP (DLT),21000,482
2025-10-28,7. BJ (ČS),4701,154
2025-10-29,1. Pick,19131,347
2025-10-29,2. Pack,19131,310
2025-10-29,3. Sort,19128,429
2025-10-29,4. EXP (ČS),19303,587
2025-10-29,5. EXP (DLT),19967,301
2025-10-29,7. BJ (ČS),3126,103
2025-10-30,1. Pick,24275,265
2025-10-30,2. Pack,24275,225
2025-10-30,3. Sort,24220,353
2025-10-30,4. EXP (ČS),24291,325
2025-10-30,5. EXP (DLT),24275,204
2025-10-30,7. BJ (ČS),4735,544
2025-10-31,1. Pick,22640,308
2025-10-31,2. Pack,22640,270
2025-10-31,3. Sort,22685,675
2025-10-31,4. EXP (ČS),22889,1352
2025-10-31,5. EXP (DLT),22460,475
2025-10-31,7. BJ (ČS),3883,949
2025-11-01,1. Pick,21369,352
2025-11-01,2. Pack,21369,511
2025-11-01,3. Sort,21339,648
2025-11-01,4. EXP (ČS),21476,425
2025-11-01,5. EXP (DLT),21951,381
2025-11-01,7. BJ (ČS),3945,176
2025-11-02,1. Pick,21900,278
2025-11-02,2. Pack,21900,407
2025-11-02,3. Sort,21851,1503
2025-11-02,4. EXP (ČS),21818,482
2025-11-02,5. EXP (DLT),21883,488
2025-11-02,7. BJ (ČS),3281,871
2025-11-03,1. Pick,28122,998
2025-11-03,2. Pack,28122,1197
2025-11-03,3. Sort,28096,1472
2025-11-03,4. EXP (ČS),28291,726
2025-11-03,5. EXP (DLT),27913,685
2025-11-03,7. BJ (ČS),3994,523
2025-11-04,1. Pick,28199,804
2025-11-04,2. Pack,28199,611
2025-11-04,3. Sort,28272,1369
2025-11-04,4. EXP (ČS),28575,3087
2025-11-04,5. EXP (DLT),27526,1098
2025-11-04,7. BJ (ČS),5623,450
2025-11-05,1. Pick,27924,1626
2025-11-05,2. Pack,27924,2152
2025-11-05,3. Sort,27916,2477
2025-11-05,4. EXP (ČS),28082,2216
2025-11-05,5. EXP (DLT),29150,1761
2025-11-05,7. BJ (ČS),5426,542
2025-11-06,1. Pick,23487,447
2025-11-06,2. Pack,23487,543
2025-11-06,3. Sort,23457,708
2025-11-06,4. EXP (ČS),23679,2813
2025-11-06,5. EXP (DLT),23705,511
2025-11-06,7. BJ (ČS),4978,1225
2025-11-07,1. Pick,20428,285
2025-11-07,2. Pack,20428,511
2025-11-07,3. Sort,20430,940
2025-11-07,4. EXP (ČS),20620,866
2025-11-07,5. EXP (DLT),19836,579
2025-11-07,7. BJ (ČS),4703,568
2025-11-08,1. Pick,18714,295
2025-11-08,2. Pack,18714,476
2025-11-08,3. Sort,18775,1195
2025-11-08,4. EXP (ČS),18918,865
2025-11-08,5. EXP (DLT),19604,690
2025-11-08,7. BJ (ČS),4922,623
2025-11-09,1. Pick,18171,362
2025-11-09,2. Pack,18171,507
2025-11-09,3. Sort,18111,1370
2025-11-09,4. EXP (ČS),18184,1352
2025-11-09,5. EXP (DLT),18545,1075
2025-11-09,7. BJ (ČS),3930,963
2025-11-10,1. Pick,22491,570
2025-11-10,2. Pack,22491,1477
2025-11-10,3. Sort,22511,2290
2025-11-10,4. EXP (ČS),22624,2897
2025-11-10,5. EXP (DLT),21934,1672
2025-11-10,7. BJ (ČS),4722,1083
2025-11-11,1. Pick,25387,582
2025-11-11,2. Pack,25328,1519
2025-11-11,3. Sort,25371,2245
2025-11-11,4. EXP (ČS),25632,4615
2025-11-11,5. EXP (DLT),24537,2244
2025-11-11,7. BJ (ČS),6092,1405
2025-11-12,1. Pick,27580,424
2025-11-12,2. Pack,27578,1315
2025-11-12,3. Sort,27578,1540
2025-11-12,4. EXP (ČS),27931,7753
2025-11-12,5. EXP (DLT),28915,2877
2025-11-12,7. BJ (ČS),6224,2888
2025-11-13,1. Pick,24811,898
2025-11-13,2. Pack,24811,1099
2025-11-13,3. Sort,24658,1819
2025-11-13,4. EXP (ČS),24884,2038
2025-11-13,5. EXP (DLT),24660,1070
2025-11-13,7. BJ (ČS),4935,940
2025-11-14,1. Pick,22794,482
2025-11-14,2. Pack,22794,1052
2025-11-14,3. Sort,22813,1436
2025-11-14,4. EXP (ČS),23276,3041
2025-11-14,5. EXP (DLT),23429,2096
2025-11-14,7. BJ (ČS),4496,347
2025-11-15,1. Pick,24824,359
2025-11-15,2. Pack,24824,1104
2025-11-15,3. Sort,24894,1419
2025-11-15,4. EXP (ČS),25165,1773
2025-11-15,5. EXP (DLT),25374,549
2025-11-15,7. BJ (ČS),5287,341
2025-11-16,1. Pick,23305,260
2025-11-16,2. Pack,23305,1428
2025-11-16,3. Sort,23199,1524
2025-11-16,4. EXP (ČS),23197,4456
2025-11-16,5. EXP (DLT),23720,856
2025-11-16,7. BJ (ČS),3799,762
2025-11-17,1. Pick,27222,960
2025-11-17,2. Pack,27222,3955
2025-11-17,3. Sort,27297,4372
2025-11-17,4. EXP (ČS),27572,5974
2025-11-17,5. EXP (DLT),27242,2720
2025-11-17,7. BJ (ČS),4463,1340
2025-11-18,1. Pick,26765,892
2025-11-18,2. Pack,26765,2613
2025-11-18,3. Sort,26734,3349
2025-11-18,4. EXP (ČS),27082,4723
2025-11-18,5. EXP (DLT),25356,2776
2025-11-18,7. BJ (ČS),4697,1016
2025-11-19,1. Pick,29407,1963
2025-11-19,2. Pack,29407,3855
2025-11-19,3. Sort,29396,4488
2025-11-19,4. EXP (ČS),29589,7247
2025-11-19,5. EXP (DLT),31243,2968
2025-11-19,7. BJ (ČS),7208,2013
2025-11-20,1. Pick,23834,390
2025-11-20,2. Pack,23835,1604
2025-11-20,3. Sort,23852,2057
2025-11-20,4. EXP (ČS),23987,4408
2025-11-20,5. EXP (DLT),23926,804
2025-11-20,7. BJ (ČS),4868,1585
2025-11-21,1. Pick,26105,981
2025-11-21,2. Pack,26105,2175
2025-11-21,3. Sort,26144,3323
2025-11-21,4. EXP (ČS),26418,2456
2025-11-21,5. EXP (DLT),26304,1813
2025-11-21,7. BJ (ČS),5109,1595
2025-11-22,1. Pick,23604,1087
2025-11-22,2. Pack,23604,2409
2025-11-22,3. Sort,23607,2299
2025-11-22,4. EXP (ČS),23646,1872
2025-11-22,5. EXP (DLT),23703,1550
2025-11-22,7. BJ (ČS),4727,774
2025-11-23,1. Pick,22368,202
2025-11-23,2. Pack,22368,448
2025-11-23,3. Sort,22243,859
2025-11-23,4. EXP (ČS),22237,489
2025-11-23,5. EXP (DLT),20124,307
2025-11-23,7. BJ (ČS),1085,178
2025-11-24,1. Pick,33785,824
2025-11-24,2. Pack,33785,1503
2025-11-24,3. Sort,33861,2619
2025-11-24,4. EXP (ČS),34115,2849
2025-11-24,5. EXP (DLT),28956,1596
2025-11-24,7. BJ (ČS),3545,309
2025-11-25,1. Pick,36273,424
2025-11-25,2. Pack,36273,989
2025-11-25,3. Sort,36246,1617
2025-11-25,4. EXP (ČS),36414,1100
2025-11-25,5. EXP (DLT),34296,497
2025-11-25,7. BJ (ČS),5070,304
2025-11-26,1. Pick,39465,823
2025-11-26,2. Pack,39465,1595
2025-11-26,3. Sort,39460,1741
2025-11-26,4. EXP (ČS),39713,1051
2025-11-26,5. EXP (DLT),40705,614
2025-11-26,7. BJ (ČS),4955,234
2025-11-27,1. Pick,41005,573
2025-11-27,2. Pack,41005,1269
2025-11-27,3. Sort,40464,1091
2025-11-27,4. EXP (ČS),40577,1403
2025-11-27,5. EXP (DLT),43771,458
2025-11-27,7. BJ (ČS),7432,914
2025-11-28,1. Pick,40818,332
2025-11-28,2. Pack,40818,1299
2025-11-28,3. Sort,40734,1669
2025-11-28,4. EXP (ČS),40934,6209
2025-11-28,5. EXP (DLT),42866,2312
2025-11-28,7. BJ (ČS),5905,1100
2025-11-29,1. Pick,37816,333
2025-11-29,2. Pack,37816,463
2025-11-29,3. Sort,37998,993
2025-11-29,4. EXP (ČS),38035,2109
2025-11-29,5. EXP (DLT),35830,351
2025-11-29,7. BJ (ČS),5191,840
2025-11-30,1. Pick,35479,572
2025-11-30,2. Pack,35479,1669
2025-11-30,3. Sort,34765,2010
2025-11-30,4. EXP (ČS),34687,1372
2025-11-30,5. EXP (DLT),35341,901
2025-11-30,7. BJ (ČS),4109,495
2025-12-01,1. Pick,45138,3091
2025-12-01,2. Pack,45138,8935
2025-12-01,3. Sort,45452,10578
2025-12-01,4. EXP (ČS),45697,9317
2025-12-01,5. EXP (DLT),44835,8138
2025-12-01,7. BJ (ČS),5371,2732
2025-12-02,1. Pick,41864,2280
2025-12-02,2. Pack,41864,4487
2025-12-02,3. Sort,42390,8034
2025-12-02,4. EXP (ČS),42748,8366
2025-12-02,5. EXP (DLT),40608,6423
2025-12-02,7. BJ (ČS),4396,2869
2025-12-03,1. Pick,44041,726
2025-12-03,2. Pack,44041,1292
2025-12-03,3. Sort,43769,1989
2025-12-03,4. EXP (ČS),44069,2917
2025-12-03,5. EXP (DLT),46172,1852
2025-12-03,7. BJ (ČS),6582,1419
2025-12-04,1. Pick,40727,1536
2025-12-04,2. Pack,40727,4604
2025-12-04,3. Sort,40746,5784
2025-12-04,4. EXP (ČS),41008,5921
2025-12-04,5. EXP (DLT),41568,3083
2025-12-04,7. BJ (ČS),6307,1533
2025-12-05,1. Pick,40837,885
2025-12-05,2. Pack,40837,1072
2025-12-05,3. Sort,41108,2106
2025-12-05,4. EXP (ČS),41339,2421
2025-12-05,5. EXP (DLT),40273,1658
2025-12-05,7. BJ (ČS),7896,1001
2025-12-06,1. Pick,34072,1279
2025-12-06,2. Pack,34072,1452
2025-12-06,3. Sort,34048,1768
2025-12-06,4. EXP (ČS),34040,2442
2025-12-06,5. EXP (DLT),35378,1522
2025-12-06,7. BJ (ČS),6448,1750
2025-12-07,1. Pick,35781,1625
2025-12-07,2. Pack,35781,2893
2025-12-07,3. Sort,35572,2950
2025-12-07,4. EXP (ČS),35514,2635
2025-12-07,5. EXP (DLT),36789,1842
2025-12-07,7. BJ (ČS),6628,1073
2025-12-08,1. Pick,42050,1049
2025-12-08,2. Pack,42049,1677
2025-12-08,3. Sort,42115,2138
2025-12-08,4. EXP (ČS),42278,3069
2025-12-08,5. EXP (DLT),42774,1978
2025-12-08,7. BJ (ČS),7414,1054
2025-12-09,1. Pick,41261,466
2025-12-09,2. Pack,41261,507
2025-12-09,3. Sort,41406,1810
2025-12-09,4. EXP (ČS),41602,2096
2025-12-09,5. EXP (DLT),39019,629
2025-12-09,7. BJ (ČS),5587,1183
2025-12-10,1. Pick,44027,423
2025-12-10,2. Pack,44027,747
2025-12-10,3. Sort,43779,1621
2025-12-10,4. EXP (ČS),43991,1692
2025-12-10,5. EXP (DLT),44447,834
2025-12-10,7. BJ (ČS),6871,1287
2025-12-11,1. Pick,45993,1366
2025-12-11,2. Pack,45993,2320
2025-12-11,3. Sort,45884,2732
2025-12-11,4. EXP (ČS),45972,3204
2025-12-11,5. EXP (DLT),46049,1537
2025-12-11,7. BJ (ČS),3741,565
2025-12-12,1. Pick,46410,1787
2025-12-12,2. Pack,46410,3611
2025-12-12,3. Sort,46606,6082
2025-12-12,4. EXP (ČS),46801,8180
2025-12-12,5. EXP (DLT),47635,5293
2025-12-13,1. Pick,42472,314
2025-12-13,2. Pack,42472,394
2025-12-13,3. Sort,42516,1149
2025-12-13,4. EXP (ČS),42516,5426
2025-12-13,5. EXP (DLT),42260,3477
2025-12-14,1. Pick,43339,437
2025-12-14,2. Pack,43339,765
2025-12-14,3. Sort,43032,1291
2025-12-14,4. EXP (ČS),42974,1874
2025-12-14,5. EXP (DLT),44021,1196
2025-12-15,1. Pick,47797,1655
2025-12-15,2. Pack,47797,2897
2025-12-15,3. Sort,47894,3403
2025-12-15,4. EXP (ČS),48086,3295
2025-12-15,5. EXP (DLT),47947,2004
2025-12-16,1. Pick,49253,1059
2025-12-16,2. Pack,49253,1697
2025-12-16,3. Sort,49332,3270
2025-12-16,4. EXP (ČS),49496,12838
2025-12-16,5. EXP (DLT),47031,9121
2025-12-17,1. Pick,45037,1642
2025-12-17,2. Pack,45037,4995
2025-12-17,3. Sort,44780,5666
2025-12-17,4. EXP (ČS),45009,6522
2025-12-17,5. EXP (DLT),45227,2975
2025-12-18,1. Pick,47798,789
2025-12-18,2. Pack,47797,1940
2025-12-18,3. Sort,47821,3555
2025-12-18,4. EXP (ČS),47932,4872
2025-12-18,5. EXP (DLT),47628,2604
2025-12-19,1. Pick,46056,604
2025-12-19,2. Pack,46056,878
2025-12-19,3. Sort,46354,3330
2025-12-19,4. EXP (ČS),46710,4409
2025-12-19,5. EXP (DLT),46528,1969
2025-12-20,1. Pick,39080,1215
2025-12-20,2. Pack,39080,2065
2025-12-20,3. Sort,38994,2921
2025-12-20,4. EXP (ČS),38983,2210
2025-12-20,5. EXP (DLT),39670,1631
2025-12-21,1. Pick,40217,267
2025-12-21,2. Pack,39703,567
2025-12-21,3. Sort,40742,2160
2025-12-21,4. EXP (ČS),40788,2501
2025-12-21,5. EXP (DLT),39067,922
2025-12-22,1. Pick,41708,247
2025-12-22,2. Pack,41708,938
2025-12-22,3. Sort,41949,2593
2025-12-22,4. EXP (ČS),41995,8479
2025-12-22,5. EXP (DLT),44840,5932
2025-12-23,1. Pick,26152,448
2025-12-23,2. Pack,26152,467
2025-12-23,3. Sort,27149,756
2025-12-23,4. EXP (ČS),27310,506
2025-12-23,5. EXP (DLT),30000,345
2025-12-25,1. Pick,18210,182
2025-12-25,2. Pack,18210,1426
2025-12-25,3. Sort,18210,1396
2025-12-25,4. EXP (ČS),18298,1336
2025-12-25,5. EXP (DLT),17746,1321
2025-12-26,1. Pick,25568,111
2025-12-26,2. Pack,25538,98
2025-12-26,3. Sort,25396,591
2025-12-26,4. EXP (ČS),25603,3631
2025-12-26,5. EXP (DLT),18249,268
2025-12-27,1. Pick,26832,79
2025-12-27,2. Pack,26832,1137
2025-12-27,3. Sort,27138,2819
2025-12-27,4. EXP (ČS),27120,3281
2025-12-27,5. EXP (DLT),30832,1198
2025-12-27,7. BJ (ČS),4521,2092
2025-12-28,1. Pick,24336,36
2025-12-28,2. Pack,25448,159
2025-12-28,3. Sort,25366,630
2025-12-28,4. EXP (ČS),25429,6168
2025-12-28,5. EXP (DLT),25277,6148
2025-12-28,7. BJ (ČS),3044,709
2025-12-29,1. Pick,21229,76
2025-12-29,2. Pack,21229,72
2025-12-29,3. Sort,21308,482
2025-12-29,4. EXP (ČS),21341,2719
2025-12-29,5. EXP (DLT),21122,742
2025-12-29,7. BJ (ČS),343,39
2025-12-30,1. Pick,17147,166
2025-12-30,2. Pack,17147,841
2025-12-30,3. Sort,17297,1551
2025-12-30,4. EXP (ČS),17320,625
2025-12-30,5. EXP (DLT),17768,360
2025-12-31,1. Pick,465,0
2025-12-31,2. Pack,465,1
2025-12-31,3. Sort,923,3
2025-12-31,4. EXP (ČS),1026,4
2025-12-31,5. EXP (DLT),1687,7
2026-01-01,1. Pick,19604,1323
2026-01-01,2. Pack,19604,2457
2026-01-01,3. Sort,18767,2683
2026-01-01,4. EXP (ČS),18933,5106
2026-01-01,5. EXP (DLT),18461,3673
2026-01-01,7. BJ (ČS),2802,195
2026-01-02,1. Pick,21893,166
2026-01-02,2. Pack,21893,523
2026-01-02,3. Sort,22091,1256
2026-01-02,4. EXP (ČS),22350,4312
2026-01-02,5. EXP (DLT),20594,1305
2026-01-02,7. BJ (ČS),6327,3558
2026-01-03,1. Pick,19535,82
2026-01-03,2. Pack,19535,815
2026-01-03,3. Sort,19578,1600
2026-01-03,4. EXP (ČS),19631,2433
2026-01-03,5. EXP (DLT),20201,986
2026-01-03,7. BJ (ČS),4293,888
2026-01-04,1. Pick,17572,151
2026-01-04,2. Pack,17572,159
2026-01-04,3. Sort,17685,363
2026-01-04,4. EXP (ČS),17694,559
2026-01-04,5. EXP (DLT),18401,648
2026-01-04,7. BJ (ČS),2432,503
2026-01-05,1. Pick,23171,161
2026-01-05,2. Pack,23171,440
2026-01-05,3. Sort,23096,812
2026-01-05,4. EXP (ČS),23326,837
2026-01-05,5. EXP (DLT),23169,729
2026-01-05,7. BJ (ČS),4879,1390
2026-01-06,1. Pick,21597,30
2026-01-06,2. Pack,21597,144
2026-01-06,3. Sort,21688,437
2026-01-06,4. EXP (ČS),21678,1326
2026-01-06,5. EXP (DLT),21467,530
2026-01-06,7. BJ (ČS),5538,1537
2026-01-07,1. Pick,24340,44
2026-01-07,2. Pack,24340,90
2026-01-07,3. Sort,24213,296
2026-01-07,4. EXP (ČS),24386,870
2026-01-07,5. EXP (DLT),24708,229
2026-01-07,7. BJ (ČS),6981,348
2026-01-08,1. Pick,24442,36
2026-01-08,2. Pack,24442,109
2026-01-08,3. Sort,24413,475
2026-01-08,4. EXP (ČS),24548,1026
2026-01-08,5. EXP (DLT),24594,1009
2026-01-08,7. BJ (ČS),6928,674
2026-01-09,1. Pick,22821,67
2026-01-09,2. Pack,22821,171
2026-01-09,3. Sort,22866,746
2026-01-09,4. EXP (ČS),23228,1156
2026-01-09,5. EXP (DLT),22943,392
2026-01-09,7. BJ (ČS),7471,1173
2026-01-10,1. Pick,21348,21
2026-01-10,2. Pack,21348,92
2026-01-10,3. Sort,21372,450
2026-01-10,4. EXP (ČS),21391,245
2026-01-10,5. EXP (DLT),21866,178
2026-01-10,7. BJ (ČS),7685,1054
2026-01-11,1. Pick,18222,65
2026-01-11,2. Pack,18223,138
2026-01-11,3. Sort,18338,239
2026-01-11,4. EXP (ČS),18319,154
2026-01-11,5. EXP (DLT),18281,142
2026-01-11,7. BJ (ČS),4757,808
2026-01-12,1. Pick,24578,40
2026-01-12,2. Pack,24577,626
2026-01-12,3. Sort,24422,704
2026-01-12,4. EXP (ČS),24639,1073
2026-01-12,5. EXP (DLT),24508,427
2026-01-12,7. BJ (ČS),8311,671
2026-01-13,1. Pick,24667,63
2026-01-13,2. Pack,24667,257
2026-01-13,3. Sort,24643,870
2026-01-13,4. EXP (ČS),25083,3090
2026-01-13,5. EXP (DLT),24311,2809
2026-01-13,7. BJ (ČS),9295,2334
2026-01-14,1. Pick,23614,21
2026-01-14,2. Pack,23614,57
2026-01-14,3. Sort,23557,166
2026-01-14,4. EXP (ČS),24044,134
2026-01-14,5. EXP (DLT),24665,100
2026-01-14,7. BJ (ČS),8238,590
2026-01-15,1. Pick,26838,15
2026-01-15,2. Pack,26838,248
2026-01-15,3. Sort,26797,618
2026-01-15,4. EXP (ČS),27259,1011
2026-01-15,5. EXP (DLT),27080,673
2026-01-15,7. BJ (ČS),8012,1439
2026-01-16,1. Pick,24590,184
2026-01-16,2. Pack,24590,975
2026-01-16,3. Sort,24687,1174
2026-01-16,4. EXP (ČS),25007,3689
2026-01-16,5. EXP (DLT),25033,928
2026-01-16,7. BJ (ČS),7511,901
2026-01-17,1. Pick,25150,42
2026-01-17,2. Pack,25150,192
2026-01-17,3. Sort,25246,1056
2026-01-17,4. EXP (ČS),25543,575
2026-01-17,5. EXP (DLT),25748,355
2026-01-17,7. BJ (ČS),6900,927
2026-01-18,1. Pick,21354,235
2026-01-18,2. Pack,21354,617
2026-01-18,3. Sort,21428,456
2026-01-18,4. EXP (ČS),21450,369
2026-01-18,5. EXP (DLT),21348,201
2026-01-18,7. BJ (ČS),4115,535
2026-01-19,1. Pick,29792,25
2026-01-19,2. Pack,29792,69
2026-01-19,3. Sort,29721,388
2026-01-19,4. EXP (ČS),29982,996
2026-01-19,5. EXP (DLT),29766,845
2026-01-19,7. BJ (ČS),7533,616
2026-01-20,1. Pick,26000,80
2026-01-20,2. Pack,26000,874
2026-01-20,3. Sort,25967,1283
2026-01-20,4. EXP (ČS),26426,773
2026-01-20,5. EXP (DLT),25785,536
2026-01-20,7. BJ (ČS),8205,647
2026-01-21,1. Pick,20988,19
2026-01-21,2. Pack,20988,92
2026-01-21,3. Sort,21033,312
2026-01-21,4. EXP (ČS),21516,291
2026-01-21,5. EXP (DLT),22063,260
2026-01-21,7. BJ (ČS),7223,799
2026-01-22,1. Pick,20640,105
2026-01-22,2. Pack,20640,347
2026-01-22,3. Sort,20596,473
2026-01-22,4. EXP (ČS),20961,224
2026-01-22,5. EXP (DLT),21285,152
2026-01-22,7. BJ (ČS),5904,501
2026-01-23,1. Pick,17562,20
2026-01-23,2. Pack,17562,94
2026-01-23,3. Sort,17740,180
2026-01-23,4. EXP (ČS),18213,215
2026-01-23,5. EXP (DLT),18068,108
2026-01-23,7. BJ (ČS),4635,435
2026-01-24,1. Pick,18557,14
2026-01-24,2. Pack,18557,73
2026-01-24,3. Sort,18569,177
2026-01-24,4. EXP (ČS),18923,132
2026-01-24,5. EXP (DLT),18710,67
2026-01-24,7. BJ (ČS),4528,503
2026-01-25,1. Pick,18070,14
2026-01-25,2. Pack,18070,100
2026-01-25,3. Sort,18035,145
2026-01-25,4. EXP (ČS),18028,73
2026-01-25,5. EXP (DLT),18793,66
2026-01-25,7. BJ (ČS),3285,417
2026-01-26,1. Pick,19926,56
2026-01-26,2. Pack,19926,77
2026-01-26,3. Sort,19834,137
2026-01-26,4. EXP (ČS),20201,409
2026-01-26,5. EXP (DLT),19622,182
2026-01-26,7. BJ (ČS),4315,460
2026-01-27,1. Pick,20874,42
2026-01-27,2. Pack,20874,126
2026-01-27,3. Sort,20876,145
2026-01-27,4. EXP (ČS),21440,312
2026-01-27,5. EXP (DLT),20809,198
2026-01-27,7. BJ (ČS),5695,576
2026-01-28,1. Pick,20275,45
2026-01-28,2. Pack,20275,171
2026-01-28,3. Sort,20259,210
2026-01-28,4. EXP (ČS),20812,129
2026-01-28,5. EXP (DLT),21352,109
2026-01-28,7. BJ (ČS),4746,585
2026-01-29,1. Pick,18921,54
2026-01-29,2. Pack,18921,225
2026-01-29,3. Sort,19071,262
2026-01-29,4. EXP (ČS),19440,189
2026-01-29,5. EXP (DLT),19675,101
2026-01-29,7. BJ (ČS),4622,818
2026-01-30,1. Pick,17821,114
2026-01-30,2. Pack,17821,39
2026-01-30,3. Sort,17791,178
2026-01-30,4. EXP (ČS),18124,253
2026-01-30,5. EXP (DLT),18023,89
2026-01-30,7. BJ (ČS),3874,355
2026-01-31,1. Pick,17548,24
2026-01-31,2. Pack,17548,51
2026-01-31,3. Sort,17556,154
2026-01-31,4. EXP (ČS),17896,68
2026-01-31,5. EXP (DLT),17797,59
2026-01-31,7. BJ (ČS),3665,301
2026-02-01,1. Pick,17530,71
2026-02-01,2. Pack,17530,87
2026-02-01,3. Sort,17490,82
2026-02-01,4. EXP (ČS),17482,84
2026-02-01,5. EXP (DLT),18081,52
2026-02-01,7. BJ (ČS),2761,134
2026-02-02,1. Pick,21470,32
2026-02-02,2. Pack,21470,12
2026-02-02,3. Sort,21390,120
2026-02-02,4. EXP (ČS),21641,69
2026-02-02,5. EXP (DLT),21152,59
2026-02-02,7. BJ (ČS),3570,254
2026-02-03,1. Pick,24543,14
2026-02-03,2. Pack,24543,49
2026-02-03,3. Sort,24552,772
2026-02-03,4. EXP (ČS),24816,447
2026-02-03,5. EXP (DLT),23681,248
2026-02-03,7. BJ (ČS),5170,496
2026-02-04,1. Pick,22553,25
2026-02-04,2. Pack,22553,120
2026-02-04,3. Sort,22546,186
2026-02-04,4. EXP (ČS),22993,197
2026-02-04,5. EXP (DLT),23760,71
2026-02-04,7. BJ (ČS),4391,486
2026-02-05,1. Pick,23088,24
2026-02-05,2. Pack,23088,53
2026-02-05,3. Sort,23070,179
2026-02-05,4. EXP (ČS),23444,170
2026-02-05,5. EXP (DLT),23646,54
2026-02-05,7. BJ (ČS),4356,417
2026-02-06,1. Pick,20734,6
2026-02-06,2. Pack,20734,54
2026-02-06,3. Sort,20858,163
2026-02-06,4. EXP (ČS),21350,66
2026-02-06,5. EXP (DLT),20900,42
2026-02-06,7. BJ (ČS),4418,357
2026-02-07,1. Pick,19984,5
2026-02-07,2. Pack,19984,63
2026-02-07,3. Sort,19970,237
2026-02-07,4. EXP (ČS),20106,95
2026-02-07,5. EXP (DLT),20923,67
2026-02-07,7. BJ (ČS),3988,322
2026-02-08,1. Pick,20087,2
2026-02-08,2. Pack,20087,9
2026-02-08,3. Sort,20065,78
2026-02-08,4. EXP (ČS),20046,96
2026-02-08,5. EXP (DLT),20173,78
2026-02-08,7. BJ (ČS),3124,551
2026-02-09,1. Pick,23010,3
2026-02-09,2. Pack,23010,12
2026-02-09,3. Sort,22902,62
2026-02-09,4. EXP (ČS),23302,94
2026-02-09,5. EXP (DLT),22785,35
2026-02-09,7. BJ (ČS),3903,370
2026-02-10,1. Pick,25349,25
2026-02-10,2. Pack,25349,44
2026-02-10,3. Sort,25374,237
2026-02-10,4. EXP (ČS),25690,368
2026-02-10,5. EXP (DLT),24705,65
2026-02-10,7. BJ (ČS),5822,367
2026-02-11,1. Pick,24056,29
2026-02-11,2. Pack,24056,42
2026-02-11,3. Sort,24071,201
2026-02-11,4. EXP (ČS),24385,337
2026-02-11,5. EXP (DLT),25129,228
2026-02-11,7. BJ (ČS),5362,506
2026-02-12,1. Pick,24325,160
2026-02-12,2. Pack,24325,104
2026-02-12,3. Sort,24289,218
2026-02-12,4. EXP (ČS),24588,716
2026-02-12,5. EXP (DLT),24906,120
2026-02-12,7. BJ (ČS),5567,452
2026-02-13,1. Pick,22026,49
2026-02-13,2. Pack,22026,87
2026-02-13,3. Sort,22106,174
2026-02-13,4. EXP (ČS),22621,270
2026-02-13,5. EXP (DLT),22296,68
2026-02-13,7. BJ (ČS),4922,456
2026-02-14,1. Pick,19609,30
2026-02-14,2. Pack,19609,37
2026-02-14,3. Sort,19783,109
2026-02-14,4. EXP (ČS),19839,68
2026-02-14,5. EXP (DLT),20572,67
2026-02-14,7. BJ (ČS),3977,655
2026-02-15,1. Pick,19277,55
2026-02-15,2. Pack,19277,144
2026-02-15,3. Sort,19157,154
2026-02-15,4. EXP (ČS),19150,242
2026-02-15,5. EXP (DLT),19276,52
2026-02-15,7. BJ (ČS),3721,388
2026-02-16,1. Pick,21680,53
2026-02-16,2. Pack,21680,57
2026-02-16,3. Sort,21648,176
2026-02-16,4. EXP (ČS),22009,779
2026-02-16,5. EXP (DLT),21129,713
2026-02-16,7. BJ (ČS),4328,613
2026-02-17,1. Pick,22376,110
2026-02-17,2. Pack,22376,79
2026-02-17,3. Sort,22334,416
2026-02-17,4. EXP (ČS),22659,250
2026-02-17,5. EXP (DLT),21698,190
2026-02-17,7. BJ (ČS),5831,562
2026-02-18,1. Pick,19777,5
2026-02-18,2. Pack,19777,22
2026-02-18,3. Sort,19819,157
2026-02-18,4. EXP (ČS),20211,143
2026-02-18,5. EXP (DLT),21089,92
2026-02-18,7. BJ (ČS),5286,573
2026-02-19,1. Pick,19671,12
2026-02-19,2. Pack,19671,76
2026-02-19,3. Sort,19680,104
2026-02-19,4. EXP (ČS),20132,115
2026-02-19,5. EXP (DLT),20397,72
2026-02-19,7. BJ (ČS),5151,331
2026-02-20,1. Pick,18892,43
2026-02-20,2. Pack,18892,87
2026-02-20,3. Sort,18901,111
2026-02-20,4. EXP (ČS),19463,87
2026-02-20,5. EXP (DLT),19130,75
2026-02-20,7. BJ (ČS),4803,531
2026-02-21,1. Pick,17448,8
2026-02-21,2. Pack,17448,36
2026-02-21,3. Sort,17583,80
2026-02-21,4. EXP (ČS),17755,58
2026-02-21,5. EXP (DLT),18416,50
2026-02-21,7. BJ (ČS),4016,198
2026-02-22,1. Pick,18712,17
2026-02-22,2. Pack,18712,73
2026-02-22,3. Sort,18560,120
2026-02-22,4. EXP (ČS),18523,67
2026-02-22,5. EXP (DLT),18561,57
2026-02-22,6. BJ (LT),1709,36
2026-02-22,7. BJ (ČS),3209,131
2026-02-23,1. Pick,22554,45
2026-02-23,2. Pack,22554,128
2026-02-23,3. Sort,22537,342
2026-02-23,4. EXP (ČS),23027,124
2026-02-23,5. EXP (DLT),22511,111
2026-02-23,6. BJ (LT),4015,381
2026-02-23,7. BJ (ČS),3994,204
2026-02-24,1. Pick,22981,64
2026-02-24,2. Pack,22981,55
2026-02-24,3. Sort,23477,162
2026-02-24,4. EXP (ČS),24014,699
2026-02-24,5. EXP (DLT),23319,321
2026-02-24,6. BJ (LT),5252,292
2026-02-24,7. BJ (ČS),5355,249
2026-02-25,1. Pick,14774,245
2026-02-25,2. Pack,14774,243
2026-02-25,3. Sort,14097,320
2026-02-25,4. EXP (ČS),13872,247
2026-02-25,5. EXP (DLT),16256,252
2026-02-25,6. BJ (LT),2749,147
2026-02-25,7. BJ (ČS),2680,152
2026-02-26,1. Pick,23718,26
2026-02-26,2. Pack,23718,89
2026-02-26,3. Sort,23892,176
2026-02-26,4. EXP (ČS),24480,572
2026-02-26,5. EXP (DLT),21904,444
2026-02-26,6. BJ (LT),6040,878
2026-02-26,7. BJ (ČS),6031,772
2026-02-27,1. Pick,19271,22
2026-02-27,2. Pack,19271,34
2026-02-27,3. Sort,19349,123
2026-02-27,4. EXP (ČS),19693,182
2026-02-27,5. EXP (DLT),20476,88
2026-02-27,6. BJ (LT),4575,710
2026-02-27,7. BJ (ČS),4562,545
2026-02-28,1. Pick,17683,111
2026-02-28,2. Pack,17683,21
2026-02-28,3. Sort,17676,109
2026-02-28,4. EXP (ČS),18073,90
2026-02-28,5. EXP (DLT),18840,97
2026-02-28,6. BJ (LT),4515,734
2026-02-28,7. BJ (ČS),4540,421
2026-03-01,1. Pick,15448,33
2026-03-01,2. Pack,15448,10
2026-03-01,3. Sort,15502,21
2026-03-01,4. EXP (ČS),15568,108
2026-03-01,5. EXP (DLT),16181,30
2026-03-01,6. BJ (LT),3400,573
2026-03-01,7. BJ (ČS),3418,407
2026-03-02,1. Pick,21006,15
2026-03-02,2. Pack,21006,30
2026-03-02,3. Sort,20949,161
2026-03-02,4. EXP (ČS),21290,168
2026-03-02,5. EXP (DLT),21072,89
2026-03-02,6. BJ (LT),3710,718
2026-03-02,7. BJ (ČS),3665,331
2026-03-03,1. Pick,23352,30
2026-03-03,2. Pack,23352,433
2026-03-03,3. Sort,23248,296
2026-03-03,4. EXP (ČS),23692,143
2026-03-03,5. EXP (DLT),23220,102
2026-03-03,6. BJ (LT),5028,801
2026-03-03,7. BJ (ČS),5009,600
2026-03-04,1. Pick,23958,105
2026-03-04,2. Pack,23958,94
2026-03-04,3. Sort,23853,87
2026-03-04,4. EXP (ČS),24151,192
2026-03-04,5. EXP (DLT),24519,179
2026-03-04,6. BJ (LT),4762,729
2026-03-04,7. BJ (ČS),4737,398
2026-03-05,1. Pick,26715,139
2026-03-05,2. Pack,26715,314
2026-03-05,3. Sort,26854,204
2026-03-05,4. EXP (ČS),27026,487
2026-03-05,5. EXP (DLT),27072,190
2026-03-05,6. BJ (LT),4720,543
2026-03-05,7. BJ (ČS),4729,339
2026-03-06,1. Pick,24647,54
2026-03-06,2. Pack,24647,200
2026-03-06,3. Sort,24709,484
2026-03-06,4. EXP (ČS),24970,206
2026-03-06,5. EXP (DLT),24782,156
2026-03-06,6. BJ (LT),4024,675
2026-03-06,7. BJ (ČS),4006,279
2026-03-07,1. Pick,22889,38
2026-03-07,2. Pack,22889,550
2026-03-07,3. Sort,22918,517
2026-03-07,4. EXP (ČS),23025,181
2026-03-07,5. EXP (DLT),23355,123
2026-03-07,6. BJ (LT),3634,702
2026-03-07,7. BJ (ČS),3637,528
2026-03-08,1. Pick,23961,318
2026-03-08,2. Pack,23965,515
2026-03-08,3. Sort,23940,658
2026-03-08,4. EXP (ČS),23945,156
2026-03-08,5. EXP (DLT),24091,126
2026-03-08,6. BJ (LT),2698,593
2026-03-08,7. BJ (ČS),2708,428
2026-03-09,1. Pick,29500,406
2026-03-09,2. Pack,29500,299
2026-03-09,3. Sort,29416,832
2026-03-09,4. EXP (ČS),29647,659
2026-03-09,5. EXP (DLT),29298,338
2026-03-09,6. BJ (LT),3660,744
2026-03-09,7. BJ (ČS),3618,498
2026-03-10,1. Pick,31667,135
2026-03-10,2. Pack,31667,211
2026-03-10,3. Sort,31682,540
2026-03-10,4. EXP (ČS),32088,1251
2026-03-10,5. EXP (DLT),31042,226
2026-03-10,6. BJ (LT),4967,703
2026-03-10,7. BJ (ČS),4934,493
2026-03-11,1. Pick,31522,254
2026-03-11,2. Pack,31522,410
2026-03-11,3. Sort,31505,710
2026-03-11,4. EXP (ČS),32116,1827
2026-03-11,5. EXP (DLT),32741,1206
2026-03-11,6. BJ (LT),4474,755
2026-03-11,7. BJ (ČS),4470,619
2026-03-12,1. Pick,36317,197
2026-03-12,2. Pack,36317,761
2026-03-12,3. Sort,36293,985
2026-03-12,4. EXP (ČS),36585,3201
2026-03-12,5. EXP (DLT),36591,1146
2026-03-12,6. BJ (LT),4648,754
2026-03-12,7. BJ (ČS),4608,720
2026-03-13,1. Pick,31696,192
2026-03-13,2. Pack,31696,108
2026-03-13,3. Sort,31861,532
2026-03-13,4. EXP (ČS),32193,410
2026-03-13,5. EXP (DLT),32217,365
2026-03-13,6. BJ (LT),4587,969
2026-03-13,7. BJ (ČS),4589,607
2026-03-14,1. Pick,30677,75
2026-03-14,2. Pack,30677,29
2026-03-14,3. Sort,30691,168
2026-03-14,4. EXP (ČS),30812,253
2026-03-14,5. EXP (DLT),31014,155
2026-03-14,6. BJ (LT),3956,702
2026-03-14,7. BJ (ČS),3946,376
2026-03-15,1. Pick,34916,170
2026-03-15,2. Pack,34916,234
2026-03-15,3. Sort,34759,394
2026-03-15,4. EXP (ČS),34757,552
2026-03-15,5. EXP (DLT),34792,531
2026-03-15,6. BJ (LT),2373,524
2026-03-15,7. BJ (ČS),2381,306
2026-03-16,1. Pick,38307,531
2026-03-16,2. Pack,38307,543
2026-03-16,3. Sort,38295,1535
2026-03-16,4. EXP (ČS),38442,3597
2026-03-16,5. EXP (DLT),38317,2388
2026-03-16,6. BJ (LT),3088,651
2026-03-16,7. BJ (ČS),3072,611
2026-03-17,1. Pick,41155,247
2026-03-17,2. Pack,41155,419
2026-03-17,3. Sort,41207,913
2026-03-17,4. EXP (ČS),41716,857
2026-03-17,5. EXP (DLT),40971,719
2026-03-17,6. BJ (LT),5346,710
2026-03-17,7. BJ (ČS),5328,530
2026-03-18,1. Pick,37307,322
2026-03-18,2. Pack,37307,181
2026-03-18,3. Sort,37377,633
2026-03-18,4. EXP (ČS),37768,1460
2026-03-18,5. EXP (DLT),38506,675
2026-03-18,6. BJ (LT),4967,819
2026-03-18,7. BJ (ČS),4967,1363
2026-03-19,1. Pick,42400,5142
2026-03-19,2. Pack,42400,5883
2026-03-19,3. Sort,42296,6463
2026-03-19,4. EXP (ČS),42707,8046
2026-03-19,5. EXP (DLT),42694,6013
2026-03-19,6. BJ (LT),5155,1692
2026-03-19,7. BJ (ČS),5142,1546
2026-03-20,1. Pick,36713,43
2026-03-20,2. Pack,36713,240
2026-03-20,3. Sort,36864,1249
2026-03-20,4. EXP (ČS),37150,834
2026-03-20,5. EXP (DLT),36052,750
2026-03-20,6. BJ (LT),3942,896
2026-03-20,7. BJ (ČS),3919,594
2026-03-21,1. Pick,37355,42
2026-03-21,2. Pack,37355,198
2026-03-21,3. Sort,37367,901
2026-03-21,4. EXP (ČS),37423,1105
2026-03-21,5. EXP (DLT),38755,547
2026-03-21,6. BJ (LT),3838,1027
2026-03-21,7. BJ (ČS),3856,834
2026-03-22,1. Pick,37100,160
2026-03-22,2. Pack,37075,161
2026-03-22,3. Sort,37146,725
2026-03-22,4. EXP (ČS),37064,828
2026-03-22,5. EXP (DLT),37081,450
2026-03-22,6. BJ (LT),1729,558
2026-03-22,7. BJ (ČS),1722,336
2026-03-23,1. Pick,43823,3882
2026-03-23,2. Pack,43848,4127
2026-03-23,3. Sort,43627,4807
2026-03-23,4. EXP (ČS),43981,9481
2026-03-23,5. EXP (DLT),43585,4832
2026-03-23,6. BJ (LT),3595,1032
2026-03-23,7. BJ (ČS),3590,1305
2026-03-24,1. Pick,51701,3012
2026-03-24,2. Pack,51701,2586
2026-03-24,3. Sort,51832,8905
2026-03-24,4. EXP (ČS),52203,20887
2026-03-24,5. EXP (DLT),51867,17134
2026-03-24,6. BJ (LT),7599,1809
2026-03-24,7. BJ (ČS),7587,2895
2026-03-25,1. Pick,46307,558
2026-03-25,2. Pack,46307,730
2026-03-25,3. Sort,46268,3262
2026-03-25,4. EXP (ČS),46619,8997
2026-03-25,5. EXP (DLT),47119,6260
2026-03-25,6. BJ (LT),5890,2084
2026-03-25,7. BJ (ČS),5876,2388
2026-03-26,1. Pick,47979,321
2026-03-26,2. Pack,47979,433
2026-03-26,3. Sort,48068,2051
2026-03-26,4. EXP (ČS),48370,2964
2026-03-26,5. EXP (DLT),48278,2483
2026-03-26,6. BJ (LT),5640,1491
2026-03-26,7. BJ (ČS),5625,1409
2026-03-27,1. Pick,44916,166
2026-03-27,2. Pack,44916,386
2026-03-27,3. Sort,44872,1329
2026-03-27,4. EXP (ČS),45189,4653
2026-03-27,5. EXP (DLT),45267,2029
2026-03-27,6. BJ (LT),5656,941
2026-03-27,7. BJ (ČS),5621,1152
2026-03-28,1. Pick,41708,1416
2026-03-28,2. Pack,41708,1730
2026-03-28,3. Sort,41750,2544
2026-03-28,4. EXP (ČS),41983,10193
2026-03-28,5. EXP (DLT),42084,8461
2026-03-28,6. BJ (LT),5488,481
2026-03-28,7. BJ (ČS),5504,1388
2026-03-29,1. Pick,41806,589
2026-03-29,2. Pack,41806,462
2026-03-29,3. Sort,41759,726
2026-03-29,4. EXP (ČS),41753,1207
2026-03-29,5. EXP (DLT),42008,941
2026-03-29,6. BJ (LT),3067,466
2026-03-29,7. BJ (ČS),3062,454
2026-03-30,1. Pick,53201,2552
2026-03-30,2. Pack,53201,2461
2026-03-30,3. Sort,53185,3349
2026-03-30,4. EXP (ČS),53600,3759
2026-03-30,5. EXP (DLT),52889,3364
2026-03-30,6. BJ (LT),4456,725
2026-03-30,7. BJ (ČS),4258,701
2026-03-31,1. Pick,55349,1615
2026-03-31,2. Pack,55349,1505
2026-03-31,3. Sort,55354,4324
2026-03-31,4. EXP (ČS),55533,9256
2026-03-31,5. EXP (DLT),55465,7762
2026-03-31,6. BJ (LT),7595,1071
2026-03-31,7. BJ (ČS),7474,1093
2026-04-01,1. Pick,54354,3343
2026-04-01,2. Pack,54354,4576
2026-04-01,3. Sort,54362,7164
2026-04-01,4. EXP (ČS),54792,6698
2026-04-01,5. EXP (DLT),55080,6106
2026-04-01,6. BJ (LT),6162,1423
2026-04-01,7. BJ (ČS),6091,1553
2026-04-02,1. Pick,38249,341
2026-04-02,2. Pack,38249,268
2026-04-02,3. Sort,38687,716
2026-04-02,4. EXP (ČS),39206,683
2026-04-02,5. EXP (DLT),39668,599
2026-04-02,6. BJ (LT),5179,338
2026-04-02,7. BJ (ČS),5056,361
2026-04-03,1. Pick,40509,441
2026-04-03,2. Pack,40509,273
2026-04-03,3. Sort,40025,913
2026-04-03,4. EXP (ČS),40063,1744
2026-04-03,5. EXP (DLT),39663,1329
2026-04-03,6. BJ (LT),4168,204
2026-04-03,7. BJ (ČS),4074,300
2026-04-04,1. Pick,29000,237
2026-04-04,2. Pack,29000,311
2026-04-04,3. Sort,29503,680
2026-04-04,4. EXP (ČS),29673,766
2026-04-04,5. EXP (DLT),30087,541
2026-04-04,6. BJ (LT),2768,257
2026-04-04,7. BJ (ČS),2884,172
2026-04-05,1. Pick,24820,322
2026-04-05,2. Pack,24820,376
2026-04-05,3. Sort,24623,472
2026-04-05,4. EXP (ČS),24539,321
2026-04-05,5. EXP (DLT),24832,278
2026-04-05,6. BJ (LT),1770,137
2026-04-05,7. BJ (ČS),1736,87
2026-04-06,1. Pick,44060,6882
2026-04-06,2. Pack,44060,9630
2026-04-06,3. Sort,43879,10424
2026-04-06,4. EXP (ČS),43891,9017
2026-04-06,5. EXP (DLT),43481,8862
2026-04-06,6. BJ (LT),2365,255
2026-04-06,7. BJ (ČS),2397,304
2026-04-07,1. Pick,55931,998
2026-04-07,2. Pack,55931,1656
2026-04-07,3. Sort,55815,3157
2026-04-07,4. EXP (ČS),55917,3320
2026-04-07,5. EXP (DLT),55104,2925
2026-04-07,6. BJ (LT),3974,629
2026-04-07,7. BJ (ČS),3675,532
2026-04-08,1. Pick,66275,5005
2026-04-08,2. Pack,66272,6339
2026-04-08,3. Sort,66234,7948
2026-04-08,4. EXP (ČS),66628,8227
2026-04-08,5. EXP (DLT),66893,7298
2026-04-08,6. BJ (LT),8504,1342
2026-04-08,7. BJ (ČS),8373,1396
2026-04-09,1. Pick,61711,7174
2026-04-09,2. Pack,61711,9378
2026-04-09,3. Sort,61562,10403
2026-04-09,4. EXP (ČS),61917,9286
2026-04-09,5. EXP (DLT),62007,8026
2026-04-09,6. BJ (LT),6886,924
2026-04-09,7. BJ (ČS),6739,1099
2026-04-10,1. Pick,56708,550
2026-04-10,2. Pack,56708,943
2026-04-10,3. Sort,56949,1930
2026-04-10,4. EXP (ČS),57221,2058
2026-04-10,5. EXP (DLT),57317,1584
2026-04-10,6. BJ (LT),6143,700
2026-04-10,7. BJ (ČS),5966,599
2026-04-11,1. Pick,52331,1818
2026-04-11,2. Pack,52331,1877
2026-04-11,3. Sort,52474,2840
2026-04-11,4. EXP (ČS),52798,1946
2026-04-11,5. EXP (DLT),52737,1923
2026-04-11,6. BJ (LT),6333,424
2026-04-11,7. BJ (ČS),6346,421
2026-04-12,1. Pick,47935,928
2026-04-12,2. Pack,47935,819
2026-04-12,3. Sort,47746,1535
2026-04-12,4. EXP (ČS),47725,1124
2026-04-12,5. EXP (DLT),48431,1002
2026-04-12,6. BJ (LT),3373,555
2026-04-12,7. BJ (ČS),3377,365
2026-04-13,1. Pick,61890,2093
2026-04-13,2. Pack,61890,7690
2026-04-13,3. Sort,61922,10120
2026-04-13,4. EXP (ČS),62123,9998
2026-04-13,5. EXP (DLT),61315,8471
2026-04-13,6. BJ (LT),6133,1343
2026-04-13,7. BJ (ČS),5622,1277
2026-04-14,1. Pick,56879,895
2026-04-14,2. Pack,56879,3294
2026-04-14,3. Sort,56839,4472
2026-04-14,4. EXP (ČS),57240,5747
2026-04-14,5. EXP (DLT),56746,4325
2026-04-14,6. BJ (LT),10478,1043
2026-04-14,7. BJ (ČS),10116,1384
2026-04-15,1. Pick,58515,1187
2026-04-15,2. Pack,58515,2082
2026-04-15,3. Sort,58550,2947
2026-04-15,4. EXP (ČS),58947,11799
2026-04-15,5. EXP (DLT),59605,10701
2026-04-15,6. BJ (LT),8836,662
2026-04-15,7. BJ (ČS),8590,763
2026-04-16,1. Pick,63311,1109
2026-04-16,2. Pack,63311,1664
2026-04-16,3. Sort,63169,1936
2026-04-16,4. EXP (ČS),63502,18797
2026-04-16,5. EXP (DLT),63494,17235
2026-04-16,6. BJ (LT),8197,482
2026-04-16,7. BJ (ČS),7935,2346
2026-04-17,1. Pick,57660,1765
2026-04-17,2. Pack,57660,1762
2026-04-17,3. Sort,57955,2464
2026-04-17,4. EXP (ČS),58198,1925
2026-04-17,5. EXP (DLT),58309,1761
2026-04-17,6. BJ (LT),7602,364
2026-04-17,7. BJ (ČS),7439,322
2026-04-18,1. Pick,45639,837
2026-04-18,2. Pack,45640,727
2026-04-18,3. Sort,45663,1391
2026-04-18,4. EXP (ČS),46048,1071
2026-04-18,5. EXP (DLT),46139,766
2026-04-18,6. BJ (LT),6825,251
2026-04-18,7. BJ (ČS),6837,258
2026-04-19,1. Pick,50417,4253
2026-04-19,2. Pack,50417,4426
2026-04-19,3. Sort,50268,4901
2026-04-19,4. EXP (ČS),50211,3577
2026-04-19,5. EXP (DLT),50639,3279
2026-04-19,6. BJ (LT),3530,279
2026-04-19,7. BJ (ČS),3521,280
2026-04-20,1. Pick,61147,2095
2026-04-20,2. Pack,61147,5355
2026-04-20,3. Sort,61125,6105
2026-04-20,4. EXP (ČS),61381,5100
2026-04-20,5. EXP (DLT),60699,4808
2026-04-20,6. BJ (LT),6553,450
2026-04-20,7. BJ (ČS),6033,355
2026-04-21,1. Pick,62534,1702
2026-04-21,2. Pack,62534,1764
2026-04-21,3. Sort,62590,2779
2026-04-21,4. EXP (ČS),63014,3339
2026-04-21,5. EXP (DLT),62792,1732
2026-04-21,6. BJ (LT),9250,581
2026-04-21,7. BJ (ČS),8969,731
2026-04-22,1. Pick,60943,243
2026-04-22,2. Pack,60943,683
2026-04-22,3. Sort,60786,1508
2026-04-22,4. EXP (ČS),61172,1034
2026-04-22,5. EXP (DLT),61307,947
2026-04-22,6. BJ (LT),8264,1120
2026-04-22,7. BJ (ČS),8085,955
2026-04-23,1. Pick,70133,1733
2026-04-23,2. Pack,70133,2107
2026-04-23,3. Sort,70297,5179
2026-04-23,4. EXP (ČS),70702,5211
2026-04-23,5. EXP (DLT),70738,4766
2026-04-23,6. BJ (LT),7943,1178
2026-04-23,7. BJ (ČS),7653,891
2026-04-24,1. Pick,57224,621
2026-04-24,2. Pack,57224,809
2026-04-24,3. Sort,57306,1895
2026-04-24,4. EXP (ČS),57829,1535
2026-04-24,5. EXP (DLT),57593,1401
2026-04-24,6. BJ (LT),7495,583
2026-04-24,7. BJ (ČS),7228,331
2026-04-25,1. Pick,48674,1088
2026-04-25,2. Pack,48674,1052
2026-04-25,3. Sort,48766,1351
2026-04-25,4. EXP (ČS),49272,1176
2026-04-25,5. EXP (DLT),49150,818
2026-04-25,6. BJ (LT),6650,302
2026-04-25,7. BJ (ČS),6673,331
2026-04-26,1. Pick,54777,1088
2026-04-26,2. Pack,54777,1299
2026-04-26,3. Sort,54633,2812
2026-04-26,4. EXP (ČS),54778,1899
2026-04-26,5. EXP (DLT),55540,1825
2026-04-26,6. BJ (LT),3422,300
2026-04-26,7. BJ (ČS),3381,187
2026-04-27,1. Pick,69125,3929
2026-04-27,2. Pack,69125,4711
2026-04-27,3. Sort,69118,8993
2026-04-27,4. EXP (ČS),69290,7765
2026-04-27,5. EXP (DLT),69027,6760
2026-04-27,6. BJ (LT),6000,1171
2026-04-27,7. BJ (ČS),5617,1092
2026-04-28,1. Pick,62465,5897
2026-04-28,2. Pack,62465,9634
2026-04-28,3. Sort,62573,11256
2026-04-28,4. EXP (ČS),62960,10142
2026-04-28,5. EXP (DLT),62273,9269
2026-04-28,6. BJ (LT),8850,1228
2026-04-28,7. BJ (ČS),8568,1090
2026-04-29,1. Pick,61987,771
2026-04-29,2. Pack,61987,1487
2026-04-29,3. Sort,61875,4231
2026-04-29,4. EXP (ČS),62215,3974
2026-04-29,5. EXP (DLT),63027,3521
2026-04-29,6. BJ (LT),7314,1505
2026-04-29,7. BJ (ČS),7026,1438
2026-04-30,1. Pick,47724,93
2026-04-30,2. Pack,47724,365
2026-04-30,3. Sort,47922,838
2026-04-30,4. EXP (ČS),48309,705
2026-04-30,5. EXP (DLT),48459,667
2026-04-30,6. BJ (LT),6039,628
2026-04-30,7. BJ (ČS),5859,518
2026-05-01,1. Pick,44476,28
2026-05-01,2. Pack,44476,35
2026-05-01,3. Sort,44456,456
2026-05-01,4. EXP (ČS),44802,411
2026-05-01,5. EXP (DLT),44718,395
2026-05-01,6. BJ (LT),4369,153
2026-05-01,7. BJ (ČS),4389,179
2026-05-02,1. Pick,41388,151
2026-05-02,2. Pack,41388,107
2026-05-02,3. Sort,41425,377
2026-05-02,4. EXP (ČS),41479,351
2026-05-02,5. EXP (DLT),42040,325
2026-05-02,6. BJ (LT),3192,127
2026-05-02,7. BJ (ČS),3185,135
2026-05-03,1. Pick,48135,68
2026-05-03,2. Pack,48135,116
2026-05-03,3. Sort,48025,589
2026-05-03,4. EXP (ČS),48000,666
2026-05-03,5. EXP (DLT),47724,366
2026-05-03,6. BJ (LT),1988,205
2026-05-03,7. BJ (ČS),1990,248
2026-05-04,1. Pick,71146,2532
2026-05-04,2. Pack,71146,2831
2026-05-04,3. Sort,71117,3651
2026-05-04,4. EXP (ČS),71238,3514
2026-05-04,5. EXP (DLT),70763,2506
2026-05-04,6. BJ (LT),3547,473
2026-05-04,7. BJ (ČS),3135,172
2026-05-05,1. Pick,73962,3525
2026-05-05,2. Pack,73962,5295
2026-05-05,3. Sort,73931,6237
2026-05-05,4. EXP (ČS),74317,6631
2026-05-05,5. EXP (DLT),74014,5003
2026-05-05,6. BJ (LT),7484,769
2026-05-05,7. BJ (ČS),7207,702
2026-05-06,1. Pick,78185,2450
2026-05-06,2. Pack,78185,2483
2026-05-06,3. Sort,78069,3995
2026-05-06,4. EXP (ČS),78343,4685
2026-05-06,5. EXP (DLT),78654,3846
2026-05-06,6. BJ (LT),6352,652
2026-05-06,7. BJ (ČS),6168,670
2026-05-07,1. Pick,77303,1513
2026-05-07,2. Pack,77303,2289
2026-05-07,3. Sort,77367,3316
2026-05-07,4. EXP (ČS),77582,2329
2026-05-07,5. EXP (DLT),77291,2132
2026-05-07,6. BJ (LT),6242,488
2026-05-07,7. BJ (ČS),6050,360
2026-05-08,1. Pick,67091,420
2026-05-08,2. Pack,67091,427
2026-05-08,3. Sort,67191,1360
2026-05-08,4. EXP (ČS),67327,874
2026-05-08,5. EXP (DLT),67490,764
2026-05-08,6. BJ (LT),4406,347
2026-05-08,7. BJ (ČS),4318,219
2026-05-09,1. Pick,57162,164
2026-05-09,2. Pack,57162,321
2026-05-09,3. Sort,57235,814
2026-05-09,4. EXP (ČS),57260,706
2026-05-09,5. EXP (DLT),57399,482
2026-05-09,6. BJ (LT),3657,242
2026-05-09,7. BJ (ČS),3724,200
2026-05-10,1. Pick,58815,763
2026-05-10,2. Pack,58815,1025
2026-05-10,3. Sort,58709,2077
2026-05-10,4. EXP (ČS),58643,7899
2026-05-10,5. EXP (DLT),58680,6534
2026-05-10,6. BJ (LT),2458,117
2026-05-10,7. BJ (ČS),2459,349
2026-05-11,1. Pick,80631,208
2026-05-11,2. Pack,80631,572
2026-05-11,3. Sort,80598,2012
2026-05-11,4. EXP (ČS),80825,1459
2026-05-11,5. EXP (DLT),80096,1554
2026-05-11,6. BJ (LT),4120,200
2026-05-11,7. BJ (ČS),3708,173
2026-05-12,1. Pick,81060,528
2026-05-12,2. Pack,81060,784
2026-05-12,3. Sort,81079,2088
2026-05-12,4. EXP (ČS),81353,2024
2026-05-12,5. EXP (DLT),81315,1302
2026-05-12,6. BJ (LT),8935,725
2026-05-12,7. BJ (ČS),8655,813
2026-05-13,1. Pick,77708,439
2026-05-13,2. Pack,77708,695
2026-05-13,3. Sort,77669,1322
2026-05-13,4. EXP (ČS),78088,8567
2026-05-13,5. EXP (DLT),78632,880
2026-05-13,6. BJ (LT),6884,465
2026-05-13,7. BJ (ČS),6696,942
2026-05-14,1. Pick,79724,910
2026-05-14,2. Pack,79724,1202
2026-05-14,3. Sort,79735,1618
2026-05-14,4. EXP (ČS),80023,1437
2026-05-14,5. EXP (DLT),79793,847
2026-05-14,6. BJ (LT),5869,300
2026-05-14,7. BJ (ČS),5611,266
2026-05-15,1. Pick,68588,113
2026-05-15,2. Pack,68588,733
2026-05-15,3. Sort,68561,1617
2026-05-15,4. EXP (ČS),68933,1352
2026-05-15,5. EXP (DLT),69106,1098
2026-05-15,6. BJ (LT),4401,208
2026-05-15,7. BJ (ČS),4294,192
2026-05-16,1. Pick,64734,309
2026-05-16,2. Pack,64734,319
2026-05-16,3. Sort,64881,1508
2026-05-16,4. EXP (ČS),64942,1197
2026-05-16,5. EXP (DLT),65227,980
2026-05-16,6. BJ (LT),4885,390
2026-05-16,7. BJ (ČS),4786,245
2026-05-17,1. Pick,65786,1757
2026-05-17,2. Pack,65786,2523
2026-05-17,3. Sort,65671,4988
2026-05-17,4. EXP (ČS),65667,5225
2026-05-17,5. EXP (DLT),65928,4899
2026-05-17,6. BJ (LT),2474,236
2026-05-17,7. BJ (ČS),2510,315
2026-05-18,1. Pick,77887,1816
2026-05-18,2. Pack,77887,2939
2026-05-18,3. Sort,77943,3394
2026-05-18,4. EXP (ČS),78476,2211
2026-05-18,5. EXP (DLT),77296,1639
2026-05-18,6. BJ (LT),5047,385
2026-05-18,7. BJ (ČS),4830,286
2026-05-19,1. Pick,71324,548
2026-05-19,2. Pack,71324,1162
2026-05-19,3. Sort,71245,1304
2026-05-19,4. EXP (ČS),71651,942
2026-05-19,5. EXP (DLT),71176,805
2026-05-19,6. BJ (LT),8079,411
2026-05-19,7. BJ (ČS),7764,269
2026-05-20,1. Pick,65207,65
2026-05-20,2. Pack,65207,277
2026-05-20,3. Sort,65302,1616
2026-05-20,4. EXP (ČS),65588,2505
2026-05-20,5. EXP (DLT),66407,835
2026-05-20,6. BJ (LT),6128,383
2026-05-20,7. BJ (ČS),5978,283
2026-05-21,1. Pick,66530,515
2026-05-21,2. Pack,66530,941
2026-05-21,3. Sort,66511,1395
2026-05-21,4. EXP (ČS),66664,793
2026-05-21,5. EXP (DLT),66862,681
2026-05-21,6. BJ (LT),5305,438
2026-05-21,7. BJ (ČS),5080,295
2026-05-22,1. Pick,56970,393
2026-05-22,2. Pack,56970,607
2026-05-22,3. Sort,57137,610
2026-05-22,4. EXP (ČS),57549,411
2026-05-22,5. EXP (DLT),57446,391
2026-05-22,6. BJ (LT),4917,458
2026-05-22,7. BJ (ČS),4832,387
2026-05-23,1. Pick,45746,231
2026-05-23,2. Pack,45746,157
2026-05-23,3. Sort,45780,448
2026-05-23,4. EXP (ČS),46107,364
2026-05-23,5. EXP (DLT),46397,320
2026-05-23,6. BJ (LT),4139,265
2026-05-23,7. BJ (ČS),4135,135
2026-05-24,1. Pick,49443,1036
2026-05-24,2. Pack,49443,1227
2026-05-24,3. Sort,49337,1475
2026-05-24,4. EXP (ČS),49414,828
2026-05-24,5. EXP (DLT),49644,800
2026-05-24,6. BJ (LT),1793,120
2026-05-24,7. BJ (ČS),1784,75
2026-05-25,1. Pick,63242,333
2026-05-25,2. Pack,63242,575
2026-05-25,3. Sort,63192,2850
2026-05-25,4. EXP (ČS),63291,5861
2026-05-25,5. EXP (DLT),63171,2253
2026-05-25,6. BJ (LT),2708,209
2026-05-25,7. BJ (ČS),2517,297
2026-05-26,1. Pick,68726,2682
2026-05-26,2. Pack,68726,2744
2026-05-26,3. Sort,68698,4088
2026-05-26,4. EXP (ČS),69084,4097
2026-05-26,5. EXP (DLT),67841,2676
2026-05-26,6. BJ (LT),6633,507
2026-05-26,7. BJ (ČS),6447,442
2026-05-27,1. Pick,65392,1420
2026-05-27,2. Pack,65392,2351
2026-05-27,3. Sort,65515,3310
2026-05-27,4. EXP (ČS),65849,2015
2026-05-27,5. EXP (DLT),66763,1803
2026-05-27,6. BJ (LT),6114,581
2026-05-27,7. BJ (ČS),5969,512
2026-05-28,1. Pick,63142,2215
2026-05-28,2. Pack,63142,2360
2026-05-28,3. Sort,62886,2808
2026-05-28,4. EXP (ČS),63206,1477
2026-05-28,5. EXP (DLT),63001,1440
2026-05-28,6. BJ (LT),5814,475
2026-05-28,7. BJ (ČS),5600,383
2026-05-29,1. Pick,53261,267
2026-05-29,2. Pack,53261,213
2026-05-29,3. Sort,53646,2188
2026-05-29,4. EXP (ČS),54239,2068
2026-05-29,5. EXP (DLT),53925,1651
2026-05-29,6. BJ (LT),5344,622
2026-05-29,7. BJ (ČS),5145,506
2026-05-30,1. Pick,46458,272
2026-05-30,2. Pack,46458,400
2026-05-30,3. Sort,46445,1638
2026-05-30,4. EXP (ČS),47183,2179
2026-05-30,5. EXP (DLT),47919,1097
2026-05-30,6. BJ (LT),4557,313
2026-05-30,7. BJ (ČS),4560,348
2026-05-31,1. Pick,50338,128
2026-05-31,2. Pack,50338,256
2026-05-31,3. Sort,50161,1588
2026-05-31,4. EXP (ČS),50367,1354
2026-05-31,5. EXP (DLT),50526,920
2026-05-31,6. BJ (LT),2048,186
2026-05-31,7. BJ (ČS),2031,104
2026-06-01,1. Pick,74282,1462
2026-06-01,2. Pack,74282,1810
2026-06-01,3. Sort,74165,8881
2026-06-01,4. EXP (ČS),74375,17597
2026-06-01,5. EXP (DLT),74321,7348
2026-06-01,6. BJ (LT),3268,337
2026-06-01,7. BJ (ČS),2975,644
2026-06-02,1. Pick,69411,166
2026-06-02,2. Pack,69411,1166
2026-06-02,3. Sort,69383,3979
2026-06-02,4. EXP (ČS),69880,3129
2026-06-02,5. EXP (DLT),69378,3077
2026-06-02,6. BJ (LT),7311,592
2026-06-02,7. BJ (ČS),7175,453
2026-06-03,1. Pick,82873,177
2026-06-03,2. Pack,82873,1024
2026-06-03,3. Sort,82820,7129
2026-06-03,4. EXP (ČS),83094,7656
2026-06-03,5. EXP (DLT),82348,6526
2026-06-03,6. BJ (LT),6168,686
2026-06-03,7. BJ (ČS),5928,710
2026-06-04,1. Pick,76626,614
2026-06-04,2. Pack,76626,1289
2026-06-04,3. Sort,76628,4916
2026-06-04,4. EXP (ČS),76928,4952
2026-06-04,5. EXP (DLT),77861,4186
2026-06-04,6. BJ (LT),6568,489
2026-06-04,7. BJ (ČS),6338,569
2026-06-05,1. Pick,68761,177
2026-06-05,2. Pack,68761,391
2026-06-05,3. Sort,68978,1655
2026-06-05,4. EXP (ČS),69237,1179
2026-06-05,5. EXP (DLT),68831,1124
2026-06-05,6. BJ (LT),5861,325
2026-06-05,7. BJ (ČS),5697,252
2026-06-06,1. Pick,58299,391
2026-06-06,2. Pack,58299,440
2026-06-06,3. Sort,58386,1735
2026-06-06,4. EXP (ČS),58725,3798
2026-06-06,5. EXP (DLT),59007,1008
2026-06-06,6. BJ (LT),4571,172
2026-06-06,7. BJ (ČS),4588,364
2026-06-07,1. Pick,64326,1093
2026-06-07,2. Pack,64326,1167
2026-06-07,3. Sort,64168,1754
2026-06-07,4. EXP (ČS),64192,1018
2026-06-07,5. EXP (DLT),64751,842
2026-06-07,6. BJ (LT),2322,348
2026-06-07,7. BJ (ČS),2318,257
2026-06-08,1. Pick,85086,293
2026-06-08,2. Pack,85086,955
2026-06-08,3. Sort,85105,5138
2026-06-08,4. EXP (ČS),85476,12926
2026-06-08,5. EXP (DLT),84680,5757
2026-06-08,6. BJ (LT),4223,327
2026-06-08,7. BJ (ČS),3900,729
2026-06-09,1. Pick,86099,658
2026-06-09,2. Pack,86099,3792
2026-06-09,3. Sort,85886,5802
2026-06-09,4. EXP (ČS),86277,4931
2026-06-09,5. EXP (DLT),85505,4054
2026-06-09,6. BJ (LT),7166,993
2026-06-09,7. BJ (ČS),6906,732
2026-06-10,1. Pick,84071,553
2026-06-10,2. Pack,84071,628
2026-06-10,3. Sort,84212,3233
2026-06-10,4. EXP (ČS),84469,7380
2026-06-10,5. EXP (DLT),85203,1968
2026-06-10,6. BJ (LT),5935,731
2026-06-10,7. BJ (ČS),5698,749
2026-06-11,1. Pick,85201,149
2026-06-11,2. Pack,85201,504
2026-06-11,3. Sort,85150,3121
2026-06-11,4. EXP (ČS),85408,2709
2026-06-11,5. EXP (DLT),85144,1913
2026-06-11,6. BJ (LT),6159,581
2026-06-11,7. BJ (ČS),5946,544
2026-06-12,1. Pick,75047,209
2026-06-12,2. Pack,75047,418
2026-06-12,3. Sort,75354,1768
2026-06-12,4. EXP (ČS),75723,1444
2026-06-12,5. EXP (DLT),75655,1204
2026-06-12,6. BJ (LT),4282,323
2026-06-12,7. BJ (ČS),4165,303
2026-06-13,1. Pick,65106,290
2026-06-13,2. Pack,65106,513
2026-06-13,3. Sort,65105,2189
2026-06-13,4. EXP (ČS),65343,2761
2026-06-13,5. EXP (DLT),65849,2144
2026-06-13,6. BJ (LT),4730,1009
2026-06-13,7. BJ (ČS),4722,1033
2026-06-14,1. Pick,69665,144
2026-06-14,2. Pack,69665,231
2026-06-14,3. Sort,69603,1640
2026-06-14,4. EXP (ČS),69590,2977
2026-06-14,5. EXP (DLT),69982,2632
2026-06-14,6. BJ (LT),1800,153
2026-06-14,7. BJ (ČS),1805,162
2026-06-15,1. Pick,87976,312
2026-06-15,2. Pack,87976,636
2026-06-15,3. Sort,87924,1874
2026-06-15,4. EXP (ČS),88106,1356
2026-06-15,5. EXP (DLT),87492,1279
2026-06-15,6. BJ (LT),3746,207
2026-06-15,7. BJ (ČS),3432,291
2026-06-16,1. Pick,87310,268
2026-06-16,2. Pack,87310,547
2026-06-16,3. Sort,87295,2336
2026-06-16,4. EXP (ČS),87634,3219
2026-06-16,5. EXP (DLT),85879,2474
2026-06-16,6. BJ (LT),7373,718
2026-06-16,7. BJ (ČS),7179,686
2026-06-17,1. Pick,83867,117
2026-06-17,2. Pack,83867,614
2026-06-17,3. Sort,83926,3281
2026-06-17,4. EXP (ČS),84184,2790
2026-06-17,5. EXP (DLT),86013,1800
2026-06-17,6. BJ (LT),5874,838
2026-06-17,7. BJ (ČS),5676,558
2026-06-18,1. Pick,82782,65
2026-06-18,2. Pack,82782,170
2026-06-18,3. Sort,82711,1951
2026-06-18,4. EXP (ČS),82897,2317
2026-06-18,5. EXP (DLT),83483,1027
2026-06-18,6. BJ (LT),5683,488
2026-06-18,7. BJ (ČS),5516,466
2026-06-19,1. Pick,69520,294
2026-06-19,2. Pack,69520,451
2026-06-19,3. Sort,69665,2424
2026-06-19,4. EXP (ČS),69988,1032
2026-06-19,5. EXP (DLT),69451,907
2026-06-19,6. BJ (LT),4918,267
2026-06-19,7. BJ (ČS),4795,211
2026-06-20,1. Pick,62016,203
2026-06-20,2. Pack,62016,156
2026-06-20,3. Sort,62062,1411
2026-06-20,4. EXP (ČS),62349,686
2026-06-20,5. EXP (DLT),62597,643
2026-06-20,6. BJ (LT),4385,236
2026-06-20,7. BJ (ČS),4393,235
2026-06-21,1. Pick,69349,193
2026-06-21,2. Pack,69349,270
2026-06-21,3. Sort,69172,2201
2026-06-21,4. EXP (ČS),69264,1007
2026-06-21,5. EXP (DLT),69394,941
2026-06-21,6. BJ (LT),2036,289
2026-06-21,7. BJ (ČS),2029,214
2026-06-22,1. Pick,87188,648
2026-06-22,2. Pack,87188,474
2026-06-22,3. Sort,86995,10042
2026-06-22,4. EXP (ČS),87204,13949
2026-06-22,5. EXP (DLT),86795,7106
2026-06-22,6. BJ (LT),3513,1113
2026-06-22,7. BJ (ČS),3270,1094
2026-06-23,1. Pick,77993,636
2026-06-23,2. Pack,77993,180
2026-06-23,3. Sort,78269,4222
2026-06-23,4. EXP (ČS),78494,3706
2026-06-23,5. EXP (DLT),78646,2537
2026-06-23,6. BJ (LT),8310,1639
2026-06-23,7. BJ (ČS),8302,1709
2026-06-24,1. Pick,76489,1313
2026-06-24,2. Pack,76489,1343
2026-06-24,3. Sort,76489,6669
2026-06-24,4. EXP (ČS),76749,3763
2026-06-24,5. EXP (DLT),75823,3263
2026-06-24,6. BJ (LT),5814,1256
2026-06-24,7. BJ (ČS),5710,1085
2026-06-25,1. Pick,73627,511
2026-06-25,2. Pack,73626,573
2026-06-25,3. Sort,73599,5699
2026-06-25,4. EXP (ČS),73906,6610
2026-06-25,5. EXP (DLT),74043,4613
2026-06-25,6. BJ (LT),18949,1924
2026-06-25,7. BJ (ČS),18683,1986
2026-06-26,1. Pick,62581,713
2026-06-26,2. Pack,62581,784
2026-06-26,3. Sort,62783,5635
2026-06-26,4. EXP (ČS),63101,6115
2026-06-26,5. EXP (DLT),63586,4208
2026-06-26,6. BJ (LT),20687,2663
2026-06-26,7. BJ (ČS),20703,4118
2026-06-27,1. Pick,53848,39
2026-06-27,2. Pack,53848,94
2026-06-27,3. Sort,53781,1172
2026-06-27,4. EXP (ČS),53977,1354
2026-06-27,5. EXP (DLT),54837,1054
2026-06-27,6. BJ (LT),18389,739
2026-06-27,7. BJ (ČS),18389,950
2026-06-28,1. Pick,58827,48
2026-06-28,2. Pack,58827,72
2026-06-28,3. Sort,58737,3490
2026-06-28,4. EXP (ČS),58707,3494
2026-06-28,5. EXP (DLT),58893,3142
2026-06-28,6. BJ (LT),15846,1482
2026-06-28,7. BJ (ČS),15839,2443
2026-06-29,1. Pick,68825,1612
2026-06-29,2. Pack,68825,2911
2026-06-29,3. Sort,68872,8098
2026-06-29,4. EXP (ČS),68914,3917
2026-06-29,5. EXP (DLT),68715,3427
2026-06-29,6. BJ (LT),18001,2158
2026-06-29,7. BJ (ČS),17916,1401
2026-06-30,1. Pick,60719,231
2026-06-30,2. Pack,60719,1488
2026-06-30,3. Sort,60765,8333
2026-06-30,4. EXP (ČS),61244,6308
2026-06-30,5. EXP (DLT),61102,5340
2026-06-30,6. BJ (LT),16689,1619
2026-06-30,7. BJ (ČS),16793,1948
2026-07-01,1. Pick,71594,799
2026-07-01,2. Pack,71594,2467
2026-07-01,3. Sort,71554,4814
2026-07-01,4. EXP (ČS),71745,5791
2026-07-01,5. EXP (DLT),71936,4639
2026-07-01,6. BJ (LT),19261,877
2026-07-01,7. BJ (ČS),19249,1149
2026-07-02,1. Pick,69530,356
2026-07-02,2. Pack,69530,325
2026-07-02,3. Sort,69500,2062
2026-07-02,4. EXP (ČS),69693,1978
2026-07-02,5. EXP (DLT),69380,1252
2026-07-02,6. BJ (LT),19106,754
2026-07-02,7. BJ (ČS),19113,1290
2026-07-03,1. Pick,61901,1070
2026-07-03,2. Pack,61901,1146
2026-07-03,3. Sort,62026,1531
2026-07-03,4. EXP (ČS),62526,1256
2026-07-03,5. EXP (DLT),62103,1097
2026-07-03,6. BJ (LT),17584,531
2026-07-03,7. BJ (ČS),17587,1052
2026-07-04,1. Pick,49753,186
2026-07-04,2. Pack,49753,153
2026-07-04,3. Sort,49889,206
2026-07-04,4. EXP (ČS),50075,193
2026-07-04,5. EXP (DLT),51239,172
2026-07-04,6. BJ (LT),15115,283
2026-07-04,7. BJ (ČS),15175,1050
2026-07-05,1. Pick,59337,372
2026-07-05,2. Pack,59337,745
2026-07-05,3. Sort,59127,686
2026-07-05,4. EXP (ČS),59220,1321
2026-07-05,5. EXP (DLT),59135,679
2026-07-05,6. BJ (LT),15686,316
2026-07-05,7. BJ (ČS),15261,1292
2026-07-06,1. Pick,81073,685
2026-07-06,2. Pack,81073,980
2026-07-06,3. Sort,80970,2969
2026-07-06,4. EXP (ČS),81118,4121
2026-07-06,5. EXP (DLT),80380,2416
2026-07-06,6. BJ (LT),20437,821
2026-07-06,7. BJ (ČS),20321,2050
2026-07-07,1. Pick,81301,186
2026-07-07,2. Pack,81301,379
2026-07-07,3. Sort,81298,1977
2026-07-07,4. EXP (ČS),81447,1181
2026-07-07,5. EXP (DLT),81658,761
2026-07-07,6. BJ (LT),21804,697
2026-07-07,7. BJ (ČS),21685,836
2026-07-08,1. Pick,85842,359
2026-07-08,2. Pack,85840,181
2026-07-08,3. Sort,85805,855
2026-07-08,4. EXP (ČS),86064,741
2026-07-08,5. EXP (DLT),85395,673
2026-07-08,6. BJ (LT),24281,605
2026-07-08,7. BJ (ČS),24072,563
2026-07-09,1. Pick,85974,548
2026-07-09,2. Pack,85974,645
2026-07-09,3. Sort,86050,3624
2026-07-09,4. EXP (ČS),86326,11707
2026-07-09,5. EXP (DLT),87097,1028
2026-07-09,6. BJ (LT),22766,1075
2026-07-09,7. BJ (ČS),22787,2891
2026-07-10,1. Pick,73719,81
2026-07-10,2. Pack,73719,81
2026-07-10,3. Sort,73842,582
2026-07-10,4. EXP (ČS),74094,2417
2026-07-10,5. EXP (DLT),73616,549
2026-07-10,6. BJ (LT),20172,453
2026-07-10,7. BJ (ČS),20242,2288
2026-07-11,1. Pick,61467,149
2026-07-11,2. Pack,61467,112
2026-07-11,3. Sort,61554,630
2026-07-11,4. EXP (ČS),61687,475
2026-07-11,5. EXP (DLT),62368,328
2026-07-11,6. BJ (LT),16724,585
2026-07-11,7. BJ (ČS),16415,441
2026-07-12,1. Pick,67428,62
2026-07-12,2. Pack,67428,103
2026-07-12,3. Sort,67209,406
2026-07-12,4. EXP (ČS),67392,1424
2026-07-12,5. EXP (DLT),67178,391
2026-07-12,6. BJ (LT),17629,335
2026-07-12,7. BJ (ČS),17488,1460
2026-07-13,1. Pick,90717,190
2026-07-13,2. Pack,90717,624
2026-07-13,3. Sort,90767,1744
2026-07-13,4. EXP (ČS),90957,1305
2026-07-13,5. EXP (DLT),90101,884
2026-07-13,6. BJ (LT),22094,581
2026-07-13,7. BJ (ČS),21883,1171
2026-07-14,1. Pick,87092,142
2026-07-14,2. Pack,87092,99
2026-07-14,3. Sort,87156,692
2026-07-14,4. EXP (ČS),87554,590
2026-07-14,5. EXP (DLT),87209,521
2026-07-14,6. BJ (LT),23798,628
2026-07-14,7. BJ (ČS),23689,677
2026-07-15,1. Pick,84566,287
2026-07-15,2. Pack,84566,346
2026-07-15,3. Sort,84552,1323
2026-07-15,4. EXP (ČS),84747,2695
2026-07-15,5. EXP (DLT),85649,961
2026-07-15,6. BJ (LT),21447,801
2026-07-15,7. BJ (ČS),21372,776
2026-07-16,1. Pick,81720,158
2026-07-16,2. Pack,81719,242
2026-07-16,3. Sort,81733,748
2026-07-16,4. EXP (ČS),82023,689
2026-07-16,5. EXP (DLT),82192,641
2026-07-16,6. BJ (LT),21493,532
2026-07-16,7. BJ (ČS),21517,420
