datum,hodina,joblines
2025-09-08,1,1
2025-09-08,5,305
2025-09-08,6,579
2025-09-08,7,355
2025-09-08,8,615
2025-09-08,9,363
2025-09-08,10,483
2025-09-08,11,429
2025-09-08,12,418
2025-09-08,13,464
2025-09-08,14,501
2025-09-08,15,594
2025-09-08,16,415
2025-09-09,5,436
2025-09-09,6,563
2025-09-09,7,512
2025-09-09,8,502
2025-09-09,9,530
2025-09-09,10,388
2025-09-09,11,493
2025-09-09,12,489
2025-09-09,13,418
2025-09-09,14,532
2025-09-09,15,438
2025-09-09,16,437
2025-09-09,20,5
2025-09-09,21,2
2025-09-09,23,1
2025-09-10,4,23
2025-09-10,5,467
2025-09-10,6,779
2025-09-10,7,595
2025-09-10,8,528
2025-09-10,9,689
2025-09-10,10,631
2025-09-10,11,528
2025-09-10,12,640
2025-09-10,13,570
2025-09-10,14,691
2025-09-10,15,569
2025-09-10,16,481
2025-09-10,19,2
2025-09-11,3,2
2025-09-11,4,1
2025-09-11,5,466
2025-09-11,6,640
2025-09-11,7,501
2025-09-11,8,561
2025-09-11,9,549
2025-09-11,10,710
2025-09-11,11,448
2025-09-11,12,598
2025-09-11,13,751
2025-09-11,14,549
2025-09-11,15,643
2025-09-11,16,506
2025-09-11,21,1
2025-09-11,23,2
2025-09-12,4,3
2025-09-12,5,549
2025-09-12,6,557
2025-09-12,7,454
2025-09-12,8,655
2025-09-12,9,588
2025-09-12,10,353
2025-09-12,11,538
2025-09-12,12,599
2025-09-12,13,415
2025-09-12,14,419
2025-09-12,15,565
2025-09-12,16,385
2025-09-12,17,2
2025-09-12,21,1
2025-09-12,23,1
2025-09-13,0,13
2025-09-13,5,478
2025-09-13,6,560
2025-09-13,7,573
2025-09-13,8,517
2025-09-13,9,533
2025-09-13,10,403
2025-09-13,11,500
2025-09-13,12,408
2025-09-13,13,504
2025-09-13,14,378
2025-09-13,15,583
2025-09-13,16,551
2025-09-13,17,20
2025-09-13,23,5
2025-09-14,6,18
2025-09-14,8,3
2025-09-14,9,3
2025-09-14,10,1
2025-09-14,11,1
2025-09-14,12,3
2025-09-15,4,15
2025-09-15,5,463
2025-09-15,6,670
2025-09-15,7,530
2025-09-15,8,552
2025-09-15,9,671
2025-09-15,10,382
2025-09-15,11,522
2025-09-15,12,431
2025-09-15,13,430
2025-09-15,14,393
2025-09-15,15,592
2025-09-15,16,543
2025-09-16,0,1
2025-09-16,1,1
2025-09-16,2,22
2025-09-16,4,10
2025-09-16,5,543
2025-09-16,6,720
2025-09-16,7,744
2025-09-16,8,756
2025-09-16,9,840
2025-09-16,10,579
2025-09-16,11,700
2025-09-16,12,615
2025-09-16,13,606
2025-09-16,14,439
2025-09-16,15,562
2025-09-16,16,343
2025-09-16,20,1
2025-09-17,4,13
2025-09-17,5,620
2025-09-17,6,631
2025-09-17,7,714
2025-09-17,8,551
2025-09-17,9,793
2025-09-17,10,623
2025-09-17,11,511
2025-09-17,12,571
2025-09-17,13,561
2025-09-17,14,525
2025-09-17,15,511
2025-09-17,16,581
2025-09-17,17,3
2025-09-17,21,1
2025-09-18,4,61
2025-09-18,5,726
2025-09-18,6,745
2025-09-18,7,677
2025-09-18,8,508
2025-09-18,9,702
2025-09-18,10,387
2025-09-18,11,616
2025-09-18,12,494
2025-09-18,13,377
2025-09-18,14,396
2025-09-18,15,475
2025-09-18,16,262
2025-09-18,22,1
2025-09-19,0,1
2025-09-19,4,12
2025-09-19,5,581
2025-09-19,6,669
2025-09-19,7,571
2025-09-19,8,567
2025-09-19,9,448
2025-09-19,10,445
2025-09-19,11,458
2025-09-19,12,529
2025-09-19,13,594
2025-09-19,14,382
2025-09-19,15,396
2025-09-19,16,250
2025-09-20,3,19
2025-09-20,5,346
2025-09-20,6,533
2025-09-20,7,316
2025-09-20,8,411
2025-09-20,9,346
2025-09-20,10,263
2025-09-20,11,336
2025-09-20,12,392
2025-09-20,13,348
2025-09-20,14,295
2025-09-20,15,423
2025-09-20,16,355
2025-09-21,7,2
2025-09-21,8,1
2025-09-21,9,5
2025-09-21,10,1
2025-09-21,12,1
2025-09-22,5,444
2025-09-22,6,715
2025-09-22,7,495
2025-09-22,8,391
2025-09-22,9,575
2025-09-22,10,520
2025-09-22,11,312
2025-09-22,12,443
2025-09-22,13,515
2025-09-22,14,304
2025-09-22,15,63
2025-09-22,16,9
2025-09-23,4,13
2025-09-23,5,200
2025-09-23,6,282
2025-09-23,7,361
2025-09-23,8,350
2025-09-23,9,266
2025-09-23,10,220
2025-09-23,11,201
2025-09-23,12,367
2025-09-23,13,329
2025-09-23,14,170
2025-09-23,15,238
2025-09-23,16,200
2025-09-24,4,11
2025-09-24,5,429
2025-09-24,6,535
2025-09-24,7,371
2025-09-24,8,329
2025-09-24,9,293
2025-09-24,10,274
2025-09-24,11,343
2025-09-24,12,226
2025-09-24,13,305
2025-09-24,14,305
2025-09-24,15,362
2025-09-24,16,121
2025-09-25,4,6
2025-09-25,5,385
2025-09-25,6,582
2025-09-25,7,446
2025-09-25,8,429
2025-09-25,9,276
2025-09-25,10,202
2025-09-25,11,262
2025-09-25,12,301
2025-09-25,13,336
2025-09-25,14,412
2025-09-25,15,338
2025-09-25,16,237
2025-09-25,17,6
2025-09-25,18,13
2025-09-26,5,390
2025-09-26,6,432
2025-09-26,7,100
2025-09-26,8,543
2025-09-26,9,426
2025-09-26,10,363
2025-09-26,11,347
2025-09-26,12,390
2025-09-26,13,491
2025-09-26,14,293
2025-09-26,15,473
2025-09-26,16,283
2025-09-26,17,28
2025-09-26,18,10
2025-09-26,22,1
2025-09-26,23,1
2025-09-27,4,51
2025-09-27,5,445
2025-09-27,6,603
2025-09-27,7,516
2025-09-27,8,514
2025-09-27,9,429
2025-09-27,10,220
2025-09-27,11,376
2025-09-27,12,218
2025-09-27,15,1
2025-09-27,16,8
2025-09-27,18,1
2025-09-27,19,9
2025-09-28,4,2
2025-09-28,7,5
2025-09-28,8,11
2025-09-28,9,5
2025-09-28,14,3
2025-09-28,15,1
2025-09-29,4,34
2025-09-29,5,375
2025-09-29,6,553
2025-09-29,7,483
2025-09-29,8,472
2025-09-29,9,439
2025-09-29,10,365
2025-09-29,11,473
2025-09-29,12,427
2025-09-29,13,455
2025-09-29,14,254
2025-09-29,15,538
2025-09-29,16,238
2025-09-30,4,3
2025-09-30,5,345
2025-09-30,6,459
2025-09-30,7,426
2025-09-30,8,491
2025-09-30,9,405
2025-09-30,10,348
2025-09-30,11,399
2025-09-30,12,456
2025-09-30,13,357
2025-09-30,14,183
2025-09-30,15,328
2025-09-30,16,218
2025-10-01,4,16
2025-10-01,5,414
2025-10-01,6,535
2025-10-01,7,544
2025-10-01,8,600
2025-10-01,9,501
2025-10-01,10,401
2025-10-01,11,477
2025-10-01,12,499
2025-10-01,13,496
2025-10-01,14,331
2025-10-01,15,408
2025-10-01,16,335
2025-10-01,17,43
2025-10-02,4,14
2025-10-02,5,700
2025-10-02,6,621
2025-10-02,7,512
2025-10-02,8,562
2025-10-02,9,387
2025-10-02,10,270
2025-10-02,11,494
2025-10-02,12,603
2025-10-02,13,484
2025-10-02,14,399
2025-10-02,15,384
2025-10-02,16,371
2025-10-03,4,57
2025-10-03,5,617
2025-10-03,6,571
2025-10-03,7,520
2025-10-03,8,504
2025-10-03,9,539
2025-10-03,10,418
2025-10-03,11,433
2025-10-03,12,321
2025-10-03,13,403
2025-10-03,14,277
2025-10-03,15,452
2025-10-03,16,249
2025-10-03,17,26
2025-10-03,18,5
2025-10-03,20,1
2025-10-04,1,1
2025-10-04,2,1
2025-10-04,4,27
2025-10-04,5,493
2025-10-04,6,592
2025-10-04,7,377
2025-10-04,8,406
2025-10-04,9,395
2025-10-04,10,236
2025-10-04,11,270
2025-10-04,12,21
2025-10-04,13,7
2025-10-04,14,8
2025-10-04,15,6
2025-10-04,16,1
2025-10-04,17,1
2025-10-04,18,1
2025-10-04,22,1
2025-10-05,9,2
2025-10-05,11,7
2025-10-05,12,4
2025-10-05,13,1
2025-10-05,14,4
2025-10-05,15,1
2025-10-05,17,3
2025-10-06,5,194
2025-10-06,6,661
2025-10-06,7,263
2025-10-06,8,146
2025-10-06,9,190
2025-10-06,10,277
2025-10-06,11,288
2025-10-06,12,356
2025-10-06,13,220
2025-10-06,14,159
2025-10-06,15,266
2025-10-06,16,178
2025-10-06,17,15
2025-10-06,18,14
2025-10-07,4,4
2025-10-07,5,128
2025-10-07,6,112
2025-10-07,7,352
2025-10-07,8,300
2025-10-07,9,310
2025-10-07,10,244
2025-10-07,11,349
2025-10-07,12,419
2025-10-07,13,368
2025-10-07,14,306
2025-10-07,15,391
2025-10-07,16,292
2025-10-08,1,2
2025-10-08,4,21
2025-10-08,5,360
2025-10-08,6,204
2025-10-08,7,403
2025-10-08,8,291
2025-10-08,9,248
2025-10-08,10,256
2025-10-08,11,212
2025-10-08,12,289
2025-10-08,13,230
2025-10-08,14,291
2025-10-08,15,309
2025-10-08,16,199
2025-10-09,4,20
2025-10-09,5,499
2025-10-09,6,544
2025-10-09,7,353
2025-10-09,8,494
2025-10-09,9,434
2025-10-09,10,419
2025-10-09,11,382
2025-10-09,12,489
2025-10-09,13,485
2025-10-09,14,341
2025-10-09,15,345
2025-10-09,16,312
2025-10-09,17,5
2025-10-10,4,24
2025-10-10,5,515
2025-10-10,6,512
2025-10-10,7,511
2025-10-10,8,448
2025-10-10,9,489
2025-10-10,10,424
2025-10-10,11,488
2025-10-10,12,527
2025-10-10,13,474
2025-10-10,14,312
2025-10-10,15,339
2025-10-10,16,324
2025-10-11,4,31
2025-10-11,5,521
2025-10-11,6,555
2025-10-11,7,484
2025-10-11,8,539
2025-10-11,9,469
2025-10-11,10,320
2025-10-11,11,299
2025-10-11,12,308
2025-10-11,13,201
2025-10-11,14,204
2025-10-11,16,1
2025-10-11,17,1
2025-10-11,18,24
2025-10-12,1,3
2025-10-12,5,2
2025-10-12,11,13
2025-10-12,12,1
2025-10-12,13,3
2025-10-12,14,1
2025-10-12,16,1
2025-10-13,4,30
2025-10-13,5,177
2025-10-13,6,205
2025-10-13,7,258
2025-10-13,8,469
2025-10-13,9,411
2025-10-13,10,438
2025-10-13,11,400
2025-10-13,12,372
2025-10-13,13,417
2025-10-13,14,295
2025-10-13,15,415
2025-10-13,16,262
2025-10-13,22,2
2025-10-14,2,2
2025-10-14,4,74
2025-10-14,5,557
2025-10-14,6,431
2025-10-14,7,360
2025-10-14,8,478
2025-10-14,9,450
2025-10-14,10,363
2025-10-14,11,448
2025-10-14,12,503
2025-10-14,13,439
2025-10-14,14,380
2025-10-14,15,412
2025-10-14,16,295
2025-10-14,20,2
2025-10-14,21,1
2025-10-15,1,3
2025-10-15,4,30
2025-10-15,5,486
2025-10-15,6,459
2025-10-15,7,443
2025-10-15,8,360
2025-10-15,9,436
2025-10-15,10,341
2025-10-15,11,403
2025-10-15,12,428
2025-10-15,13,366
2025-10-15,14,416
2025-10-15,15,478
2025-10-15,16,286
2025-10-16,4,12
2025-10-16,5,526
2025-10-16,6,282
2025-10-16,7,311
2025-10-16,8,387
2025-10-16,9,616
2025-10-16,10,407
2025-10-16,11,345
2025-10-16,12,411
2025-10-16,13,424
2025-10-16,14,405
2025-10-16,15,427
2025-10-16,16,270
2025-10-16,17,10
2025-10-17,2,1
2025-10-17,3,1
2025-10-17,6,1
2025-10-17,12,8
2025-10-17,13,9
2025-10-17,14,19
2025-10-17,15,12
2025-10-17,16,15
2025-10-18,4,1
2025-10-18,5,39
2025-10-18,6,105
2025-10-18,7,93
2025-10-18,8,110
2025-10-18,9,34
2025-10-18,10,70
2025-10-18,11,43
2025-10-18,12,51
2025-10-18,13,104
2025-10-18,14,93
2025-10-18,15,94
2025-10-18,16,51
2025-10-19,12,1
2025-10-20,4,26
2025-10-20,5,733
2025-10-20,6,588
2025-10-20,7,616
2025-10-20,8,577
2025-10-20,9,584
2025-10-20,10,355
2025-10-20,11,615
2025-10-20,12,498
2025-10-20,13,610
2025-10-20,14,443
2025-10-20,15,499
2025-10-20,16,250
2025-10-20,21,1
2025-10-21,3,1
2025-10-21,4,3
2025-10-22,4,57
2025-10-22,5,422
2025-10-22,6,489
2025-10-22,7,324
2025-10-22,8,436
2025-10-22,9,414
2025-10-22,10,347
2025-10-22,11,363
2025-10-22,12,481
2025-10-22,13,417
2025-10-22,14,305
2025-10-22,15,198
2025-10-22,16,178
2025-10-22,18,1
2025-10-23,1,2
2025-10-23,4,45
2025-10-23,5,491
2025-10-23,6,485
2025-10-23,7,415
2025-10-23,8,475
2025-10-23,9,490
2025-10-23,10,375
2025-10-23,11,441
2025-10-23,12,360
2025-10-23,13,397
2025-10-23,14,305
2025-10-23,15,333
2025-10-23,16,293
2025-10-23,20,1
2025-10-24,4,52
2025-10-24,5,610
2025-10-24,6,686
2025-10-24,7,603
2025-10-24,8,549
2025-10-24,9,600
2025-10-24,10,433
2025-10-24,11,499
2025-10-24,12,514
2025-10-24,13,587
2025-10-24,14,509
2025-10-24,15,516
2025-10-24,16,316
2025-10-25,1,2
2025-10-25,4,56
2025-10-25,5,528
2025-10-25,6,434
2025-10-25,7,516
2025-10-25,8,535
2025-10-25,9,409
2025-10-25,10,242
2025-10-25,11,412
2025-10-25,12,385
2025-10-25,13,385
2025-10-25,14,433
2025-10-25,15,333
2025-10-25,16,230
2025-10-25,19,1
2025-10-27,4,31
2025-10-27,5,316
2025-10-27,6,384
2025-10-27,7,292
2025-10-27,8,310
2025-10-27,9,189
2025-10-27,10,271
2025-10-27,11,304
2025-10-27,12,317
2025-10-27,13,368
2025-10-27,14,362
2025-10-27,15,305
2025-10-27,16,198
2025-10-28,3,1
2025-10-28,4,23
2025-10-28,5,389
2025-10-28,6,542
2025-10-28,7,308
2025-10-28,8,170
2025-10-28,9,380
2025-10-28,10,407
2025-10-28,11,506
2025-10-28,12,386
2025-10-28,13,501
2025-10-28,14,409
2025-10-28,15,310
2025-10-28,16,292
2025-10-29,4,22
2025-10-29,5,425
2025-10-29,6,526
2025-10-29,7,378
2025-10-29,8,568
2025-10-29,9,641
2025-10-29,10,343
2025-10-29,11,644
2025-10-29,12,321
2025-10-29,13,566
2025-10-29,14,486
2025-10-29,15,440
2025-10-29,16,319
2025-10-29,17,44
2025-10-29,18,39
2025-10-29,20,1
2025-10-30,4,3
2025-10-30,5,396
2025-10-30,6,541
2025-10-30,7,372
2025-10-30,8,387
2025-10-30,9,343
2025-10-30,10,294
2025-10-30,11,376
2025-10-30,12,402
2025-10-30,13,342
2025-10-30,14,441
2025-10-30,15,333
2025-10-30,16,348
2025-10-30,17,17
2025-10-30,18,1
2025-10-31,0,1
2025-10-31,1,3
2025-10-31,5,480
2025-10-31,6,510
2025-10-31,7,464
2025-10-31,8,562
2025-10-31,9,383
2025-10-31,10,408
2025-10-31,11,386
2025-10-31,12,351
2025-10-31,13,499
2025-10-31,14,459
2025-10-31,15,276
2025-10-31,16,214
2025-10-31,17,4
2025-11-01,1,2
2025-11-01,4,18
2025-11-01,5,427
2025-11-01,6,501
2025-11-01,7,451
2025-11-01,8,408
2025-11-01,9,314
2025-11-01,10,298
2025-11-01,11,389
2025-11-01,12,421
2025-11-01,13,415
2025-11-01,14,334
2025-11-01,15,269
2025-11-01,16,225
2025-11-02,12,2
2025-11-03,4,22
2025-11-03,5,524
2025-11-03,6,554
2025-11-03,7,509
2025-11-03,8,508
2025-11-03,9,462
2025-11-03,10,364
2025-11-03,11,441
2025-11-03,12,403
2025-11-03,13,432
2025-11-03,14,501
2025-11-03,15,422
2025-11-03,16,343
2025-11-04,4,8
2025-11-04,5,461
2025-11-04,6,831
2025-11-04,7,682
2025-11-04,8,747
2025-11-04,9,653
2025-11-04,10,336
2025-11-04,11,536
2025-11-04,12,589
2025-11-04,13,557
2025-11-04,14,528
2025-11-04,15,469
2025-11-04,16,298
2025-11-04,17,55
2025-11-04,18,12
2025-11-05,4,23
2025-11-05,5,635
2025-11-05,6,601
2025-11-05,7,507
2025-11-05,8,568
2025-11-05,9,627
2025-11-05,10,359
2025-11-05,11,531
2025-11-05,12,528
2025-11-05,13,601
2025-11-05,14,550
2025-11-05,15,380
2025-11-05,16,419
2025-11-06,4,59
2025-11-06,5,656
2025-11-06,6,578
2025-11-06,7,540
2025-11-06,8,552
2025-11-06,9,535
2025-11-06,10,361
2025-11-06,11,327
2025-11-06,12,421
2025-11-06,13,508
2025-11-06,14,496
2025-11-06,15,401
2025-11-06,16,264
2025-11-07,4,14
2025-11-07,5,380
2025-11-07,6,426
2025-11-07,7,479
2025-11-07,8,456
2025-11-07,9,432
2025-11-07,10,466
2025-11-07,11,317
2025-11-07,12,364
2025-11-07,13,428
2025-11-07,14,388
2025-11-07,15,393
2025-11-07,16,181
2025-11-07,18,1
2025-11-08,2,5
2025-11-08,4,19
2025-11-08,5,580
2025-11-08,6,594
2025-11-08,7,546
2025-11-08,8,659
2025-11-08,9,434
2025-11-08,10,305
2025-11-08,11,335
2025-11-08,12,340
2025-11-08,13,363
2025-11-08,14,302
2025-11-08,15,264
2025-11-08,16,216
2025-11-08,20,1
2025-11-09,5,20
2025-11-09,6,3
2025-11-09,9,2
2025-11-09,20,1
2025-11-09,21,1
2025-11-10,4,3
2025-11-10,5,222
2025-11-10,6,423
2025-11-10,7,158
2025-11-10,8,256
2025-11-10,9,479
2025-11-10,10,361
2025-11-10,11,322
2025-11-10,12,416
2025-11-10,13,420
2025-11-10,14,331
2025-11-10,15,337
2025-11-10,16,307
2025-11-10,17,1
2025-11-11,0,3
2025-11-11,4,15
2025-11-11,5,418
2025-11-11,6,490
2025-11-11,7,446
2025-11-11,8,651
2025-11-11,9,596
2025-11-11,10,380
2025-11-11,11,396
2025-11-11,12,661
2025-11-11,13,491
2025-11-11,14,537
2025-11-11,15,860
2025-11-11,16,419
2025-11-11,19,1
2025-11-11,21,2
2025-11-11,23,2
2025-11-12,3,1
2025-11-12,4,18
2025-11-12,5,571
2025-11-12,6,653
2025-11-12,7,419
2025-11-12,8,672
2025-11-12,9,655
2025-11-12,10,356
2025-11-12,11,477
2025-11-12,12,518
2025-11-12,13,539
2025-11-12,14,533
2025-11-12,15,560
2025-11-12,16,346
2025-11-12,18,1
2025-11-13,0,2
2025-11-13,1,1
2025-11-13,4,26
2025-11-13,5,751
2025-11-13,6,598
2025-11-13,7,592
2025-11-13,8,799
2025-11-13,9,725
2025-11-13,10,384
2025-11-13,11,469
2025-11-13,12,413
2025-11-13,13,919
2025-11-13,14,571
2025-11-13,15,545
2025-11-13,16,487
2025-11-13,17,2
2025-11-13,18,1
2025-11-14,4,31
2025-11-14,5,705
2025-11-14,6,834
2025-11-14,7,617
2025-11-14,8,874
2025-11-14,9,157
2025-11-14,10,283
2025-11-14,11,674
2025-11-14,12,722
2025-11-14,13,1019
2025-11-14,14,783
2025-11-14,15,1036
2025-11-14,16,1281
2025-11-14,17,1
2025-11-14,23,1
2025-11-15,0,1
2025-11-15,4,79
2025-11-15,5,652
2025-11-15,6,723
2025-11-15,7,624
2025-11-15,8,827
2025-11-15,9,705
2025-11-15,10,511
2025-11-15,11,654
2025-11-15,12,791
2025-11-15,13,893
2025-11-15,14,655
2025-11-15,15,480
2025-11-15,16,239
2025-11-15,19,4
2025-11-16,0,4
2025-11-16,2,3
2025-11-16,9,2
2025-11-16,10,2
2025-11-16,11,1
2025-11-16,13,1
2025-11-16,14,1
2025-11-16,17,1
2025-11-16,18,1
2025-11-16,20,3
2025-11-17,4,19
2025-11-17,5,856
2025-11-17,6,962
2025-11-17,7,898
2025-11-17,8,792
2025-11-17,9,873
2025-11-17,10,649
2025-11-17,11,628
2025-11-17,12,823
2025-11-17,13,772
2025-11-17,14,585
2025-11-17,15,534
2025-11-17,16,420
2025-11-17,22,4
2025-11-18,2,2
2025-11-18,4,43
2025-11-18,5,729
2025-11-18,6,671
2025-11-18,7,519
2025-11-18,8,453
2025-11-18,9,465
2025-11-18,10,667
2025-11-18,11,609
2025-11-18,12,836
2025-11-18,13,844
2025-11-18,14,731
2025-11-18,15,590
2025-11-18,16,282
2025-11-19,4,51
2025-11-19,5,775
2025-11-19,6,607
2025-11-19,7,355
2025-11-19,8,142
2025-11-19,9,528
2025-11-19,10,601
2025-11-19,11,282
2025-11-19,12,710
2025-11-19,13,736
2025-11-19,14,652
2025-11-19,15,154
2025-11-19,16,211
2025-11-20,0,1
2025-11-20,4,23
2025-11-20,5,544
2025-11-20,6,631
2025-11-20,7,328
2025-11-20,8,656
2025-11-20,9,584
2025-11-20,10,654
2025-11-20,11,521
2025-11-20,12,870
2025-11-20,13,591
2025-11-20,14,486
2025-11-20,15,437
2025-11-20,16,111
2025-11-20,21,6
2025-11-20,22,1
2025-11-21,1,1
2025-11-21,3,1
2025-11-21,4,49
2025-11-21,5,657
2025-11-21,6,681
2025-11-21,7,481
2025-11-21,8,510
2025-11-21,9,546
2025-11-21,10,457
2025-11-21,11,402
2025-11-21,12,531
2025-11-21,13,552
2025-11-21,14,496
2025-11-21,15,598
2025-11-21,16,396
2025-11-21,17,8
2025-11-24,4,24
2025-11-24,5,691
2025-11-24,6,770
2025-11-24,7,440
2025-11-24,8,622
2025-11-24,9,129
2025-11-24,10,191
2025-11-24,11,333
2025-11-24,12,420
2025-11-24,13,423
2025-11-24,14,361
2025-11-24,15,354
2025-11-24,16,285
2025-11-24,18,1
2025-11-24,23,1
2025-11-25,4,27
2025-11-25,5,266
2025-11-25,6,230
2025-11-25,7,92
2025-11-25,8,305
2025-11-25,9,253
2025-11-25,10,398
2025-11-25,11,200
2025-11-25,12,421
2025-11-25,13,434
2025-11-25,14,283
2025-11-25,15,341
2025-11-25,16,238
2025-11-25,20,1
2025-11-26,4,31
2025-11-26,5,477
2025-11-26,6,478
2025-11-26,7,110
2025-11-26,8,275
2025-11-26,9,462
2025-11-26,10,407
2025-11-26,11,469
2025-11-26,12,613
2025-11-26,13,518
2025-11-26,14,407
2025-11-26,15,272
2025-11-26,16,125
2025-11-27,5,81
2025-11-27,6,443
2025-11-27,7,358
2025-11-27,8,357
2025-11-27,9,342
2025-11-27,10,274
2025-11-27,11,367
2025-11-27,12,385
2025-11-27,13,442
2025-11-27,14,499
2025-11-27,15,624
2025-11-27,16,346
2025-11-27,17,1
2025-11-28,1,2
2025-11-28,4,38
2025-11-28,5,394
2025-11-28,6,505
2025-11-28,7,284
2025-11-28,8,470
2025-11-28,9,451
2025-11-28,10,245
2025-11-28,11,436
2025-11-28,12,561
2025-11-28,13,436
2025-11-28,14,380
2025-11-28,15,416
2025-11-28,16,241
2025-11-30,2,2
2025-11-30,6,9
2025-11-30,7,1
2025-11-30,18,2
2025-11-30,20,1
2025-11-30,23,1
2025-12-01,0,1
2025-12-01,4,1
2025-12-01,5,352
2025-12-01,6,320
2025-12-01,7,270
2025-12-01,8,245
2025-12-01,9,188
2025-12-01,10,120
2025-12-01,11,174
2025-12-01,12,229
2025-12-01,13,187
2025-12-01,14,183
2025-12-01,15,174
2025-12-01,16,133
2025-12-02,4,17
2025-12-02,5,248
2025-12-02,6,249
2025-12-02,7,124
2025-12-02,8,278
2025-12-02,9,349
2025-12-02,10,179
2025-12-02,11,255
2025-12-02,12,297
2025-12-02,13,347
2025-12-02,14,307
2025-12-02,15,347
2025-12-02,16,208
2025-12-03,0,1
2025-12-03,1,1
2025-12-03,2,1
2025-12-03,4,15
2025-12-03,5,485
2025-12-03,6,536
2025-12-03,7,413
2025-12-03,8,488
2025-12-03,9,548
2025-12-03,10,425
2025-12-03,11,343
2025-12-03,12,463
2025-12-03,13,484
2025-12-03,14,482
2025-12-03,15,369
2025-12-03,16,228
2025-12-04,4,29
2025-12-04,5,337
2025-12-04,6,251
2025-12-04,7,146
2025-12-04,8,352
2025-12-04,9,545
2025-12-04,10,379
2025-12-04,11,372
2025-12-04,12,568
2025-12-04,13,420
2025-12-04,14,324
2025-12-04,15,425
2025-12-04,16,230
2025-12-05,0,1
2025-12-05,2,1
2025-12-05,4,13
2025-12-05,5,371
2025-12-05,6,341
2025-12-05,7,139
2025-12-05,8,382
2025-12-05,9,448
2025-12-05,10,286
2025-12-05,11,311
2025-12-05,12,505
2025-12-05,13,379
2025-12-05,14,188
2025-12-05,15,86
2025-12-05,16,101
2025-12-06,2,1
2025-12-06,14,7
2025-12-08,4,9
2025-12-08,5,335
2025-12-08,6,263
2025-12-08,7,143
2025-12-08,8,193
2025-12-08,9,220
2025-12-08,10,214
2025-12-08,11,215
2025-12-08,12,332
2025-12-08,13,383
2025-12-08,14,336
2025-12-08,15,251
2025-12-08,16,123
2025-12-09,2,1
2025-12-09,4,7
2025-12-09,5,269
2025-12-09,6,303
2025-12-09,7,252
2025-12-09,8,233
2025-12-09,9,199
2025-12-09,10,130
2025-12-09,11,186
2025-12-09,12,206
2025-12-09,13,212
2025-12-09,14,162
2025-12-09,15,134
2025-12-09,16,96
2025-12-09,22,1
2025-12-10,4,14
2025-12-10,5,484
2025-12-10,6,483
2025-12-10,7,307
2025-12-10,8,424
2025-12-10,9,397
2025-12-10,10,243
2025-12-10,11,225
2025-12-10,12,393
2025-12-10,13,313
2025-12-10,14,437
2025-12-10,15,359
2025-12-10,16,354
2025-12-11,1,1
2025-12-11,4,5
2025-12-11,5,472
2025-12-11,6,461
2025-12-11,7,406
2025-12-11,8,575
2025-12-11,9,483
2025-12-11,10,285
2025-12-11,11,424
2025-12-11,12,423
2025-12-11,13,432
2025-12-11,14,361
2025-12-11,15,357
2025-12-11,16,225
2025-12-11,17,6
2026-01-01,1,1
2026-01-02,5,232
2026-01-02,6,74
2026-01-02,7,1
2026-01-02,8,105
2026-01-02,9,257
2026-01-02,10,139
2026-01-02,11,204
2026-01-02,12,278
2026-01-02,13,300
2026-01-02,14,338
2026-01-02,15,243
2026-01-02,16,216
2026-01-02,22,1
2026-01-03,3,4
2026-01-03,5,1
2026-01-03,7,18
2026-01-03,8,30
2026-01-03,9,18
2026-01-03,10,85
2026-01-03,14,30
2026-01-03,15,19
2026-01-03,16,24
2026-01-04,9,4
2026-01-04,15,10
2026-01-05,5,274
2026-01-05,6,271
2026-01-05,7,158
2026-01-05,8,204
2026-01-05,9,263
2026-01-05,10,267
2026-01-05,11,135
2026-01-05,12,239
2026-01-05,13,247
2026-01-05,14,201
2026-01-05,15,192
2026-01-05,16,188
2026-01-07,5,363
2026-01-07,6,461
2026-01-07,7,402
2026-01-07,8,395
2026-01-07,9,427
2026-01-07,10,449
2026-01-07,11,272
2026-01-07,12,468
2026-01-07,13,445
2026-01-07,14,250
2026-01-07,15,73
2026-01-07,16,154
2026-01-07,17,25
2026-01-08,4,3
2026-01-08,5,234
2026-01-08,6,106
2026-01-08,7,274
2026-01-08,8,298
2026-01-08,9,361
2026-01-08,10,307
2026-01-08,11,138
2026-01-08,12,462
2026-01-08,13,328
2026-01-08,14,196
2026-01-08,15,289
2026-01-08,16,188
2026-01-09,1,1
2026-01-09,3,1
2026-01-09,4,134
2026-01-09,5,434
2026-01-09,6,624
2026-01-09,7,410
2026-01-09,8,319
2026-01-09,9,455
2026-01-09,10,301
2026-01-09,11,223
2026-01-09,12,340
2026-01-09,13,367
2026-01-09,14,323
2026-01-09,15,368
2026-01-09,16,269
2026-01-09,17,11
2026-01-10,1,1
2026-01-10,6,1
2026-01-12,5,249
2026-01-12,6,515
2026-01-12,7,354
2026-01-12,8,332
2026-01-12,9,208
2026-01-12,10,240
2026-01-12,11,135
2026-01-12,12,276
2026-01-12,13,208
2026-01-12,14,278
2026-01-12,15,195
2026-01-12,16,146
2026-01-12,17,1
2026-01-12,19,1
2026-01-13,2,1
2026-01-13,5,336
2026-01-13,6,579
2026-01-13,7,444
2026-01-13,8,609
2026-01-13,9,506
2026-01-13,10,358
2026-01-13,11,351
2026-01-13,12,470
2026-01-13,13,436
2026-01-13,14,505
2026-01-13,15,501
2026-01-13,16,297
2026-01-13,17,11
2026-01-14,2,1
2026-01-14,4,1
2026-01-14,5,526
2026-01-14,6,518
2026-01-14,7,448
2026-01-14,8,591
2026-01-14,9,579
2026-01-14,10,498
2026-01-14,11,403
2026-01-14,12,465
2026-01-14,13,518
2026-01-14,14,537
2026-01-14,15,485
2026-01-14,16,322
2026-01-14,17,3
2026-01-15,4,15
2026-01-15,5,629
2026-01-15,6,717
2026-01-15,7,597
2026-01-15,8,614
2026-01-15,9,635
2026-01-15,10,363
2026-01-15,11,295
2026-01-15,12,517
2026-01-15,13,661
2026-01-15,14,589
2026-01-15,15,503
2026-01-15,16,448
2026-01-15,22,1
2026-01-15,23,1
2026-01-16,1,1
2026-01-16,4,22
2026-01-16,5,442
2026-01-16,6,828
2026-01-16,7,795
2026-01-16,8,503
2026-01-16,9,514
2026-01-16,10,454
2026-01-16,11,451
2026-01-16,12,489
2026-01-16,13,121
2026-01-16,15,560
2026-01-16,16,500
2026-01-16,17,5
2026-01-16,23,1
2026-01-17,1,2
2026-01-17,4,18
2026-01-17,5,488
2026-01-17,6,558
2026-01-17,7,363
2026-01-17,8,554
2026-01-17,9,395
2026-01-17,10,227
2026-01-17,11,251
2026-01-17,12,420
2026-01-17,13,289
2026-01-17,14,262
2026-01-17,15,333
2026-01-17,16,182
2026-01-17,21,2
2026-01-18,1,3
2026-01-18,2,2
2026-01-18,9,2
2026-01-18,14,1
2026-01-18,16,1
2026-01-19,4,8
2026-01-19,5,475
2026-01-19,6,414
2026-01-19,7,321
2026-01-19,8,396
2026-01-19,9,482
2026-01-19,10,630
2026-01-19,11,468
2026-01-19,12,417
2026-01-19,13,487
2026-01-19,14,428
2026-01-19,15,463
2026-01-19,16,357
2026-01-19,17,5
2026-01-19,18,21
2026-01-19,19,15
2026-01-19,20,55
2026-01-19,21,91
2026-01-19,22,76
2026-01-19,23,43
2026-01-20,0,53
2026-01-20,1,105
2026-01-20,2,90
2026-01-20,3,128
2026-01-20,4,109
2026-01-20,5,316
2026-01-20,6,321
2026-01-20,7,295
2026-01-20,8,355
2026-01-20,9,335
2026-01-20,10,345
2026-01-20,11,414
2026-01-20,12,409
2026-01-20,13,369
2026-01-20,14,402
2026-01-20,15,385
2026-01-20,16,331
2026-01-20,17,106
2026-01-20,18,179
2026-01-20,19,109
2026-01-20,20,147
2026-01-20,21,125
2026-01-20,22,158
2026-01-20,23,113
2026-01-21,0,75
2026-01-21,1,202
2026-01-21,2,154
2026-01-21,3,242
2026-01-21,4,203
2026-01-21,5,394
2026-01-21,6,485
2026-01-21,7,300
2026-01-21,8,338
2026-01-21,9,398
2026-01-21,10,303
2026-01-21,11,153
2026-01-21,12,284
2026-01-21,13,351
2026-01-21,14,275
2026-01-21,15,194
2026-01-21,16,169
2026-01-21,17,138
2026-01-21,18,136
2026-01-21,19,91
2026-01-21,20,169
2026-01-21,21,149
2026-01-21,22,167
2026-01-21,23,101
2026-01-22,0,112
2026-01-22,1,168
2026-01-22,2,152
2026-01-22,3,205
2026-01-22,4,139
2026-01-22,5,253
2026-01-22,6,353
2026-01-22,7,292
2026-01-22,8,382
2026-01-22,9,441
2026-01-22,10,381
2026-01-22,11,221
2026-01-22,12,336
2026-01-22,13,352
2026-01-22,14,276
2026-01-22,15,321
2026-01-22,16,242
2026-01-22,17,242
2026-01-22,18,103
2026-01-22,19,83
2026-01-22,20,169
2026-01-22,21,160
2026-01-22,22,121
2026-01-22,23,157
2026-01-23,0,156
2026-01-23,1,220
2026-01-23,2,86
2026-01-23,3,219
2026-01-23,4,155
2026-01-23,5,473
2026-01-23,6,343
2026-01-23,7,440
2026-01-23,8,479
2026-01-23,9,405
2026-01-23,10,395
2026-01-23,11,266
2026-01-23,12,352
2026-01-23,13,317
2026-01-23,14,399
2026-01-23,15,478
2026-01-23,16,253
2026-01-23,17,187
2026-01-23,18,234
2026-01-23,19,101
2026-01-23,20,282
2026-01-23,21,174
2026-01-23,22,192
2026-01-23,23,310
2026-01-24,0,271
2026-01-24,1,238
2026-01-24,2,174
2026-01-24,3,261
2026-01-24,4,243
2026-01-24,5,216
2026-01-24,6,184
2026-01-24,7,169
2026-01-24,8,159
2026-01-24,9,244
2026-01-24,10,325
2026-01-24,11,222
2026-01-24,13,94
2026-01-24,15,1
2026-01-24,16,41
2026-01-24,17,7
2026-01-24,21,1
2026-01-25,4,1
2026-01-25,8,13
2026-01-25,9,17
2026-01-25,10,46
2026-01-25,11,37
2026-01-25,12,39
2026-01-25,14,63
2026-01-25,16,28
2026-01-25,17,16
2026-01-26,2,5
2026-01-26,5,253
2026-01-26,6,285
2026-01-26,7,294
2026-01-26,8,414
2026-01-26,9,333
2026-01-26,10,440
2026-01-26,11,220
2026-01-26,12,408
2026-01-26,13,347
2026-01-26,14,325
2026-01-26,15,305
2026-01-26,16,192
2026-01-26,17,144
2026-01-26,18,170
2026-01-26,19,190
2026-01-26,20,145
2026-01-26,21,76
2026-01-26,22,67
2026-01-26,23,87
2026-01-27,0,41
2026-01-27,1,40
2026-01-27,2,175
2026-01-27,3,79
2026-01-27,4,59
2026-01-27,5,243
2026-01-27,6,365
2026-01-27,7,274
2026-01-27,8,300
2026-01-27,9,361
2026-01-27,10,479
2026-01-27,11,228
2026-01-27,12,406
2026-01-27,13,517
2026-01-27,14,325
2026-01-27,15,557
2026-01-27,16,297
2026-01-27,17,171
2026-01-27,18,234
2026-01-27,19,158
2026-01-27,20,224
2026-01-27,21,215
2026-01-27,22,200
2026-01-27,23,204
2026-01-28,0,149
2026-01-28,1,242
2026-01-28,2,223
2026-01-28,3,248
2026-01-28,4,178
2026-01-28,5,200
2026-01-28,6,299
2026-01-28,7,259
2026-01-28,8,335
2026-01-28,9,299
2026-01-28,10,443
2026-01-28,11,123
2026-01-28,12,298
2026-01-28,13,348
2026-01-28,14,277
2026-01-28,15,347
2026-01-28,16,267
2026-01-28,17,225
2026-01-28,18,264
2026-01-28,19,182
2026-01-28,20,199
2026-01-28,21,179
2026-01-28,22,150
2026-01-28,23,170
2026-01-29,0,86
2026-01-29,1,239
2026-01-29,2,171
2026-01-29,3,75
2026-01-29,4,81
2026-01-29,5,253
2026-01-29,6,367
2026-01-29,7,284
2026-01-29,8,381
2026-01-29,9,429
2026-01-29,10,384
2026-01-29,11,116
2026-01-29,12,343
2026-01-29,13,331
2026-01-29,14,222
2026-01-29,15,394
2026-01-29,16,275
2026-01-29,17,133
2026-01-29,18,122
2026-01-29,19,148
2026-01-29,20,192
2026-01-29,21,142
2026-01-29,22,147
2026-01-29,23,22
2026-01-30,0,164
2026-01-30,1,175
2026-01-30,2,122
2026-01-30,3,246
2026-01-30,4,119
2026-01-30,5,247
2026-01-30,6,292
2026-01-30,7,202
2026-01-30,8,270
2026-01-30,9,258
2026-01-30,10,289
2026-01-30,11,187
2026-01-30,12,196
2026-01-30,13,284
2026-01-30,14,417
2026-01-30,15,125
2026-01-30,16,261
2026-01-30,17,148
2026-01-30,18,153
2026-01-30,19,118
2026-01-30,20,156
2026-01-30,21,202
2026-01-30,22,151
2026-01-30,23,196
2026-01-31,0,146
2026-01-31,1,204
2026-01-31,2,117
2026-01-31,3,169
2026-01-31,4,136
2026-01-31,5,246
2026-01-31,6,258
2026-01-31,7,182
2026-01-31,8,237
2026-01-31,9,216
2026-01-31,10,134
2026-01-31,12,10
2026-01-31,14,2
2026-01-31,15,1
2026-01-31,16,63
2026-02-01,0,1
2026-02-01,1,1
2026-02-01,3,1
2026-02-01,4,8
2026-02-01,5,1
2026-02-01,6,44
2026-02-01,7,85
2026-02-01,8,28
2026-02-01,9,5
2026-02-01,11,66
2026-02-01,12,80
2026-02-02,1,1
2026-02-02,4,1
2026-02-02,5,96
2026-02-02,6,249
2026-02-02,7,252
2026-02-02,8,269
2026-02-02,9,400
2026-02-02,10,341
2026-02-02,11,196
2026-02-02,12,165
2026-02-02,13,214
2026-02-02,14,256
2026-02-02,15,235
2026-02-02,16,154
2026-02-02,17,66
2026-02-02,18,73
2026-02-02,19,84
2026-02-02,20,56
2026-02-02,21,43
2026-02-02,22,93
2026-02-02,23,79
2026-02-03,0,19
2026-02-03,1,6
2026-02-03,3,11
2026-02-03,5,242
2026-02-03,6,281
2026-02-03,7,225
2026-02-03,8,188
2026-02-03,9,323
2026-02-03,10,324
2026-02-03,11,256
2026-02-03,12,391
2026-02-03,13,277
2026-02-03,14,222
2026-02-03,15,312
2026-02-03,16,143
2026-02-03,17,79
2026-02-03,18,80
2026-02-03,19,52
2026-02-03,20,102
2026-02-03,21,99
2026-02-03,22,93
2026-02-03,23,46
2026-02-04,0,33
2026-02-04,1,110
2026-02-04,2,107
2026-02-04,3,44
2026-02-04,4,34
2026-02-04,5,250
2026-02-04,6,385
2026-02-04,7,129
2026-02-04,8,260
2026-02-04,9,277
2026-02-04,10,317
2026-02-04,11,290
2026-02-04,12,372
2026-02-04,13,398
2026-02-04,14,268
2026-02-04,15,291
2026-02-04,16,143
2026-02-04,17,81
2026-02-04,18,137
2026-02-04,19,105
2026-02-04,20,116
2026-02-04,21,119
2026-02-04,22,87
2026-02-04,23,138
2026-02-05,0,116
2026-02-05,1,70
2026-02-05,2,88
2026-02-05,3,122
2026-02-05,4,89
2026-02-05,5,123
2026-02-05,6,169
2026-02-05,7,315
2026-02-05,8,265
2026-02-05,9,271
2026-02-05,10,249
2026-02-05,11,217
2026-02-05,12,193
2026-02-05,13,231
2026-02-05,14,204
2026-02-05,15,118
2026-02-05,16,200
2026-02-05,17,63
2026-02-05,18,107
2026-02-05,19,110
2026-02-05,20,82
2026-02-05,21,156
2026-02-05,22,109
2026-02-05,23,149
2026-02-06,0,64
2026-02-06,1,132
2026-02-06,2,154
2026-02-06,3,185
2026-02-06,4,112
2026-02-06,5,331
2026-02-06,6,319
2026-02-06,7,310
2026-02-06,8,255
2026-02-06,9,244
2026-02-06,10,329
2026-02-06,11,168
2026-02-06,12,360
2026-02-06,13,272
2026-02-06,14,226
2026-02-06,15,164
2026-02-06,16,196
2026-02-06,17,141
2026-02-06,18,142
2026-02-06,19,138
2026-02-06,20,100
2026-02-06,21,97
2026-02-06,22,65
2026-02-06,23,117
2026-02-07,0,89
2026-02-07,1,128
2026-02-07,2,99
2026-02-07,3,96
2026-02-07,4,142
2026-02-07,5,1
2026-02-07,6,2
2026-02-07,7,2
2026-02-07,10,1
2026-02-08,4,1
2026-02-08,6,59
2026-02-08,7,19
2026-02-08,9,6
2026-02-08,10,43
2026-02-08,11,16
2026-02-09,4,25
2026-02-09,5,496
2026-02-09,6,523
2026-02-09,7,529
2026-02-09,8,497
2026-02-09,9,486
2026-02-09,10,478
2026-02-09,11,549
2026-02-09,12,337
2026-02-09,13,431
2026-02-09,14,305
2026-02-09,15,132
2026-02-09,16,26
2026-02-09,18,1
2026-02-10,2,3
2026-02-10,3,1
2026-02-10,4,3
2026-02-10,5,133
2026-02-10,6,171
2026-02-10,7,82
2026-02-10,8,284
2026-02-10,9,199
2026-02-10,10,196
2026-02-10,11,177
2026-02-10,12,336
2026-02-10,13,452
2026-02-10,14,422
2026-02-10,15,249
2026-02-10,16,192
2026-02-10,17,121
2026-02-10,18,152
2026-02-10,19,68
2026-02-10,20,119
2026-02-10,21,110
2026-02-10,22,89
2026-02-10,23,127
2026-02-11,0,76
2026-02-11,1,104
2026-02-11,2,156
2026-02-11,3,117
2026-02-11,4,131
2026-02-11,5,191
2026-02-11,6,282
2026-02-11,7,253
2026-02-11,8,249
2026-02-11,9,239
2026-02-11,10,300
2026-02-11,11,261
2026-02-11,12,239
2026-02-11,13,333
2026-02-11,14,219
2026-02-11,15,239
2026-02-11,16,270
2026-02-11,17,72
2026-02-11,18,95
2026-02-11,19,34
2026-02-11,20,116
2026-02-11,21,75
2026-02-11,22,54
2026-02-11,23,89
2026-02-12,0,40
2026-02-12,1,62
2026-02-12,2,56
2026-02-12,3,1
2026-02-12,4,3
2026-02-12,5,212
2026-02-12,6,164
2026-02-12,7,327
2026-02-12,8,405
2026-02-12,9,407
2026-02-12,10,576
2026-02-12,11,248
2026-02-12,12,364
2026-02-12,13,503
2026-02-12,14,319
2026-02-12,15,325
2026-02-12,16,292
2026-02-12,17,104
2026-02-12,18,159
2026-02-12,19,104
2026-02-12,20,141
2026-02-12,21,97
2026-02-12,22,129
2026-02-12,23,135
2026-02-13,0,38
2026-02-13,1,110
2026-02-13,2,171
2026-02-13,3,116
2026-02-13,4,74
2026-02-13,5,367
2026-02-13,6,422
2026-02-13,7,298
2026-02-13,8,460
2026-02-13,9,421
2026-02-13,10,396
2026-02-13,11,281
2026-02-13,12,477
2026-02-13,13,366
2026-02-13,14,201
2026-02-13,15,217
2026-02-13,16,163
2026-02-13,17,35
2026-02-13,20,1
2026-02-13,21,2
2026-02-13,22,1
2026-02-13,23,1
2026-02-14,6,10
2026-02-14,7,48
2026-02-14,8,63
2026-02-14,9,21
2026-02-14,10,12
2026-02-14,12,14
2026-02-14,13,45
2026-02-14,14,20
2026-02-14,15,25
2026-02-14,16,8
2026-02-15,6,44
2026-02-15,7,24
2026-02-15,8,31
2026-02-16,4,23
2026-02-16,5,144
2026-02-16,6,124
2026-02-16,7,173
2026-02-16,8,244
2026-02-16,9,324
2026-02-16,10,355
2026-02-16,11,287
2026-02-16,12,453
2026-02-16,13,339
2026-02-16,14,207
2026-02-16,15,325
2026-02-16,16,238
2026-02-16,17,51
2026-02-16,18,100
2026-02-16,19,45
2026-02-16,20,74
2026-02-16,21,42
2026-02-16,22,60
2026-02-16,23,21
2026-02-17,0,1
2026-02-17,1,6
2026-02-17,5,98
2026-02-17,6,156
2026-02-17,7,80
2026-02-17,8,242
2026-02-17,9,256
2026-02-17,10,308
2026-02-17,11,221
2026-02-17,12,282
2026-02-17,13,249
2026-02-17,14,159
2026-02-17,15,415
2026-02-17,16,276
2026-02-17,17,184
2026-02-17,18,142
2026-02-17,19,47
2026-02-17,20,91
2026-02-17,21,117
2026-02-17,22,173
2026-02-17,23,140
2026-02-18,0,96
2026-02-18,1,93
2026-02-18,2,42
2026-02-18,5,176
2026-02-18,6,165
2026-02-18,7,171
2026-02-18,8,195
2026-02-18,9,282
2026-02-18,10,221
2026-02-18,11,252
2026-02-18,12,190
2026-02-18,13,279
2026-02-18,14,365
2026-02-18,15,255
2026-02-18,16,273
2026-02-18,17,117
2026-02-18,18,110
2026-02-18,19,76
2026-02-18,20,80
2026-02-18,21,126
2026-02-18,22,85
2026-02-18,23,97
2026-02-19,0,26
2026-02-19,1,141
2026-02-19,2,72
2026-02-19,3,63
2026-02-19,4,115
2026-02-19,5,327
2026-02-19,6,303
2026-02-19,7,201
2026-02-19,8,357
2026-02-19,9,336
2026-02-19,10,337
2026-02-19,11,143
2026-02-19,12,279
2026-02-19,13,299
2026-02-19,14,254
2026-02-19,15,179
2026-02-19,16,327
2026-02-19,17,61
2026-02-19,18,80
2026-02-19,19,53
2026-02-19,20,67
2026-02-19,21,59
2026-02-19,22,111
2026-02-19,23,133
2026-02-20,0,49
2026-02-20,1,95
2026-02-20,2,75
2026-02-20,3,81
2026-02-20,4,77
2026-02-20,5,254
2026-02-20,6,239
2026-02-20,7,157
2026-02-20,8,459
2026-02-20,9,318
2026-02-20,10,294
2026-02-20,11,116
2026-02-20,12,253
2026-02-20,13,374
2026-02-20,14,284
2026-02-20,15,219
2026-02-20,16,228
2026-02-20,17,85
2026-02-20,18,77
2026-02-20,19,72
2026-02-20,20,58
2026-02-20,21,53
2026-02-20,22,66
2026-02-20,23,69
2026-02-21,0,21
2026-02-21,1,57
2026-02-21,2,88
2026-02-21,3,31
2026-02-21,4,38
2026-02-21,7,13
2026-02-21,8,16
2026-02-21,9,17
2026-02-21,10,52
2026-02-21,11,34
2026-02-21,12,46
2026-02-21,13,78
2026-02-21,14,55
2026-02-21,15,26
2026-02-21,16,28
2026-02-21,21,1
2026-02-22,1,1
2026-02-22,2,1
2026-02-22,3,1
2026-02-22,4,7
2026-02-22,5,99
2026-02-22,6,118
2026-02-22,7,44
2026-02-22,8,45
2026-02-22,9,31
2026-02-22,10,49
2026-02-22,11,34
2026-02-22,12,44
2026-02-22,13,43
2026-02-22,14,41
2026-02-22,15,39
2026-02-22,16,55
2026-02-23,1,1
2026-02-23,2,1
2026-02-23,4,34
2026-02-23,5,261
2026-02-23,6,187
2026-02-23,7,352
2026-02-23,8,360
2026-02-23,9,341
2026-02-23,10,409
2026-02-23,11,311
2026-02-23,12,339
2026-02-23,13,288
2026-02-23,14,219
2026-02-23,15,259
2026-02-23,16,180
2026-02-23,17,28
2026-02-23,18,47
2026-02-23,19,35
2026-02-23,20,47
2026-02-23,21,28
2026-02-23,22,29
2026-02-23,23,25
2026-02-24,0,17
2026-02-24,1,39
2026-02-24,2,34
2026-02-24,3,55
2026-02-24,4,52
2026-02-24,5,295
2026-02-24,6,153
2026-02-24,7,201
2026-02-24,8,242
2026-02-24,9,300
2026-02-24,10,317
2026-02-24,11,294
2026-02-24,12,229
2026-02-24,13,189
2026-02-24,14,397
2026-02-24,15,232
2026-02-24,16,209
2026-02-24,17,100
2026-02-24,18,172
2026-02-24,19,92
2026-02-24,20,173
2026-02-24,21,172
2026-02-24,22,154
2026-02-24,23,122
2026-02-25,0,129
2026-02-25,1,160
2026-02-25,2,198
2026-02-25,3,130
2026-02-25,4,61
2026-02-26,4,15
2026-02-26,5,227
2026-02-26,6,214
2026-02-26,7,207
2026-02-26,8,265
2026-02-26,9,330
2026-02-26,10,260
2026-02-26,11,178
2026-02-26,12,272
2026-02-26,13,324
2026-02-26,14,318
2026-02-26,15,324
2026-02-26,16,161
2026-02-26,17,48
2026-02-26,18,49
2026-02-26,19,60
2026-02-26,20,17
2026-02-26,21,173
2026-02-26,22,70
2026-02-26,23,158
2026-02-27,0,8
2026-02-27,1,75
2026-02-27,2,75
2026-02-27,3,43
2026-02-27,4,79
2026-02-27,5,382
2026-02-27,6,294
2026-02-27,7,278
2026-02-27,8,384
2026-02-27,9,318
2026-02-27,10,356
2026-02-27,11,244
2026-02-27,12,278
2026-02-27,13,223
2026-02-27,14,179
2026-02-27,15,273
2026-02-27,16,179
2026-02-27,17,47
2026-02-27,18,99
2026-02-27,19,85
2026-02-27,20,127
2026-02-27,21,81
2026-02-27,22,144
2026-02-27,23,189
2026-02-28,0,35
2026-02-28,1,130
2026-02-28,2,170
2026-02-28,3,102
2026-02-28,4,114
2026-02-28,5,328
2026-02-28,6,366
2026-02-28,7,306
2026-02-28,8,267
2026-02-28,9,257
2026-02-28,10,375
2026-02-28,11,336
2026-02-28,12,256
2026-02-28,13,354
2026-02-28,14,281
2026-02-28,15,221
2026-02-28,16,166
2026-03-01,2,1
2026-03-01,5,42
2026-03-01,6,48
2026-03-01,7,69
2026-03-01,8,59
2026-03-01,9,70
2026-03-01,10,82
2026-03-01,11,50
2026-03-01,12,18
2026-03-01,13,54
2026-03-01,14,53
2026-03-01,15,75
2026-03-01,16,23
2026-03-02,0,1
2026-03-02,1,2
2026-03-02,4,24
2026-03-02,5,589
2026-03-02,6,389
2026-03-02,7,237
2026-03-02,8,733
2026-03-02,9,476
2026-03-02,10,538
2026-03-02,11,315
2026-03-02,12,604
2026-03-02,13,525
2026-03-02,14,538
2026-03-02,15,369
2026-03-02,16,300
2026-03-02,17,94
2026-03-02,18,113
2026-03-02,19,86
2026-03-02,20,135
2026-03-02,21,108
2026-03-02,22,87
2026-03-02,23,117
2026-03-03,0,79
2026-03-03,1,112
2026-03-03,2,113
2026-03-03,3,34
2026-03-03,4,7
2026-03-03,5,70
2026-03-03,6,250
2026-03-03,7,337
2026-03-03,8,476
2026-03-03,9,532
2026-03-03,10,470
2026-03-03,11,512
2026-03-03,12,721
2026-03-03,13,445
2026-03-03,14,537
2026-03-03,15,621
2026-03-03,16,460
2026-03-03,17,181
2026-03-03,18,207
2026-03-03,19,170
2026-03-03,20,180
2026-03-03,21,217
2026-03-03,22,45
2026-03-03,23,85
2026-03-04,0,17
2026-03-04,5,275
2026-03-04,6,487
2026-03-04,7,510
2026-03-04,8,478
2026-03-04,9,482
2026-03-04,10,543
2026-03-04,11,404
2026-03-04,12,443
2026-03-04,13,445
2026-03-04,14,328
2026-03-04,15,277
2026-03-04,16,235
2026-03-04,17,84
2026-03-04,18,148
2026-03-04,19,97
2026-03-04,20,98
2026-03-04,21,117
2026-03-04,22,27
2026-03-04,23,64
2026-03-05,0,6
2026-03-05,3,2
2026-03-05,4,24
2026-03-05,5,136
2026-03-05,6,279
2026-03-05,7,351
2026-03-05,8,421
2026-03-05,9,421
2026-03-05,10,578
2026-03-05,11,452
2026-03-05,12,577
2026-03-05,13,636
2026-03-05,14,440
2026-03-05,15,598
2026-03-05,16,324
2026-03-05,17,83
2026-03-05,18,44
2026-03-05,19,62
2026-03-05,20,63
2026-03-05,21,36
2026-03-05,22,18
2026-03-05,23,38
2026-03-06,0,72
2026-03-06,1,42
2026-03-06,2,4
2026-03-06,3,17
2026-03-06,5,188
2026-03-06,6,537
2026-03-06,7,388
2026-03-06,8,464
2026-03-06,9,472
2026-03-06,10,516
2026-03-06,11,316
2026-03-06,12,497
2026-03-06,13,469
2026-03-06,14,676
2026-03-06,15,494
2026-03-06,16,408
2026-03-06,17,170
2026-03-06,18,241
2026-03-06,19,136
2026-03-06,20,242
2026-03-06,21,222
2026-03-06,22,184
2026-03-06,23,14
2026-03-07,2,2
2026-03-07,4,34
2026-03-07,6,13
2026-03-07,7,19
2026-03-07,10,11
2026-03-07,11,28
2026-03-08,3,1
2026-03-08,8,1
2026-03-08,9,1
2026-03-08,13,1
2026-03-09,1,2
2026-03-09,2,5
2026-03-09,4,2
2026-03-09,5,3
2026-03-09,6,458
2026-03-09,7,355
2026-03-09,8,309
2026-03-09,9,390
2026-03-09,10,502
2026-03-09,11,304
2026-03-09,12,464
2026-03-09,13,440
2026-03-09,14,441
2026-03-09,15,429
2026-03-09,16,399
2026-03-09,17,213
2026-03-09,18,258
2026-03-09,19,163
2026-03-09,20,191
2026-03-09,21,282
2026-03-09,22,268
2026-03-09,23,265
2026-03-10,0,187
2026-03-10,1,165
2026-03-10,2,176
2026-03-10,3,232
2026-03-10,4,78
2026-03-10,5,325
2026-03-10,6,335
2026-03-10,7,424
2026-03-10,8,550
2026-03-10,9,567
2026-03-10,10,620
2026-03-10,11,418
2026-03-10,12,648
2026-03-10,13,571
2026-03-10,14,397
2026-03-10,15,517
2026-03-10,16,391
2026-03-10,17,123
2026-03-10,18,167
2026-03-10,19,42
2026-03-10,20,117
2026-03-10,21,152
2026-03-10,22,113
2026-03-10,23,121
2026-03-11,0,83
2026-03-11,1,188
2026-03-11,2,141
2026-03-11,3,116
2026-03-11,4,137
2026-03-11,5,387
2026-03-11,6,524
2026-03-11,7,477
2026-03-11,8,792
2026-03-11,9,467
2026-03-11,10,753
2026-03-11,11,491
2026-03-11,12,893
2026-03-11,13,664
2026-03-11,14,509
2026-03-11,15,596
2026-03-11,16,586
2026-03-11,17,169
2026-03-11,18,187
2026-03-11,19,106
2026-03-11,20,150
2026-03-11,21,113
2026-03-11,22,179
2026-03-11,23,166
2026-03-12,0,137
2026-03-12,1,165
2026-03-12,2,208
2026-03-12,3,125
2026-03-12,4,105
2026-03-12,5,548
2026-03-12,6,543
2026-03-12,7,294
2026-03-12,8,565
2026-03-12,9,551
2026-03-12,10,669
2026-03-12,11,341
2026-03-12,12,647
2026-03-12,13,545
2026-03-12,14,598
2026-03-12,15,709
2026-03-12,16,545
2026-03-12,17,110
2026-03-12,18,152
2026-03-12,19,93
2026-03-12,20,49
2026-03-12,21,82
2026-03-12,22,98
2026-03-12,23,130
2026-03-13,0,78
2026-03-13,1,51
2026-03-13,2,134
2026-03-13,3,101
2026-03-13,4,100
2026-03-13,5,383
2026-03-13,6,612
2026-03-13,7,741
2026-03-13,8,632
2026-03-13,9,837
2026-03-13,10,943
2026-03-13,11,613
2026-03-13,12,692
2026-03-13,13,613
2026-03-13,14,683
2026-03-13,15,675
2026-03-13,16,695
2026-03-13,17,152
2026-03-13,18,163
2026-03-13,19,185
2026-03-13,20,200
2026-03-13,21,107
2026-03-13,22,100
2026-03-13,23,173
2026-03-14,0,106
2026-03-14,1,183
2026-03-14,2,153
2026-03-14,3,139
2026-03-14,4,165
2026-03-14,5,277
2026-03-14,6,203
2026-03-14,7,103
2026-03-14,8,84
2026-03-14,9,124
2026-03-14,10,107
2026-03-14,11,118
2026-03-14,12,69
2026-03-14,13,176
2026-03-14,14,50
2026-03-14,15,48
2026-03-14,16,46
2026-03-14,17,10
2026-03-14,18,2
2026-03-14,19,1
2026-03-14,21,2
2026-03-15,5,3
2026-03-15,9,1
2026-03-15,15,1
2026-03-16,5,168
2026-03-16,6,533
2026-03-16,7,375
2026-03-16,8,593
2026-03-16,9,321
2026-03-16,11,455
2026-03-16,12,524
2026-03-16,13,350
2026-03-16,14,324
2026-03-16,15,433
2026-03-16,16,460
2026-03-16,17,121
2026-03-16,18,180
2026-03-16,19,113
2026-03-16,20,143
2026-03-16,21,196
2026-03-16,22,205
2026-03-16,23,154
2026-03-17,0,103
2026-03-17,1,165
2026-03-17,2,197
2026-03-17,3,148
2026-03-17,4,93
2026-03-17,5,475
2026-03-17,6,674
2026-03-17,7,661
2026-03-17,8,772
2026-03-17,9,657
2026-03-17,10,708
2026-03-17,11,355
2026-03-17,12,715
2026-03-17,13,644
2026-03-17,14,582
2026-03-17,15,640
2026-03-17,16,745
2026-03-17,17,186
2026-03-17,18,203
2026-03-17,19,167
2026-03-17,20,155
2026-03-17,21,236
2026-03-17,22,217
2026-03-17,23,166
2026-03-18,0,200
2026-03-18,1,285
2026-03-18,2,294
2026-03-18,3,217
2026-03-18,4,137
2026-03-18,5,620
2026-03-18,6,718
2026-03-18,7,550
2026-03-18,8,704
2026-03-18,9,658
2026-03-18,10,686
2026-03-18,11,516
2026-03-18,12,584
2026-03-18,13,517
2026-03-18,14,442
2026-03-18,15,555
2026-03-18,16,487
2026-03-18,17,220
2026-03-18,18,275
2026-03-18,19,223
2026-03-18,20,260
2026-03-18,21,230
2026-03-18,22,202
2026-03-18,23,271
2026-03-19,0,123
2026-03-19,1,434
2026-03-19,2,203
2026-03-19,3,86
2026-03-19,4,198
2026-03-19,5,539
2026-03-19,6,526
2026-03-19,7,665
2026-03-19,8,935
2026-03-19,9,776
2026-03-19,10,684
2026-03-19,11,636
2026-03-19,12,802
2026-03-19,13,613
2026-03-19,14,652
2026-03-19,15,683
2026-03-19,16,539
2026-03-19,17,247
2026-03-19,18,279
2026-03-19,19,216
2026-03-19,20,113
2026-03-19,21,140
2026-03-19,22,118
2026-03-19,23,125
2026-03-20,0,29
2026-03-20,1,8
2026-03-20,2,2
2026-03-20,3,12
2026-03-20,4,36
2026-03-20,5,455
2026-03-20,6,682
2026-03-20,7,458
2026-03-20,8,649
2026-03-20,9,659
2026-03-20,10,745
2026-03-20,11,583
2026-03-20,12,642
2026-03-20,13,443
2026-03-20,14,490
2026-03-20,15,407
2026-03-20,16,421
2026-03-20,17,173
2026-03-20,18,175
2026-03-20,19,185
2026-03-20,20,141
2026-03-20,21,144
2026-03-20,22,106
2026-03-20,23,101
2026-03-21,0,46
2026-03-21,1,82
2026-03-21,2,111
2026-03-21,3,72
2026-03-21,4,26
2026-03-21,10,21
2026-03-21,11,14
2026-03-21,13,1
2026-03-21,15,4
2026-03-21,18,1
2026-03-22,1,1
2026-03-22,2,3
2026-03-22,5,2
2026-03-22,7,1
2026-03-22,8,1
2026-03-22,12,8
2026-03-22,13,1
2026-03-22,18,1
2026-03-22,23,1
2026-03-23,5,327
2026-03-23,6,704
2026-03-23,7,540
2026-03-23,8,728
2026-03-23,9,697
2026-03-23,10,775
2026-03-23,11,701
2026-03-23,12,956
2026-03-23,13,626
2026-03-23,14,771
2026-03-23,15,791
2026-03-23,16,647
2026-03-23,17,226
2026-03-23,18,163
2026-03-23,19,121
2026-03-23,20,125
2026-03-23,21,95
2026-03-23,22,119
2026-03-23,23,89
2026-03-24,0,152
2026-03-24,1,201
2026-03-24,2,133
2026-03-24,3,275
2026-03-24,4,149
2026-03-24,5,434
2026-03-24,6,486
2026-03-24,7,506
2026-03-24,8,607
2026-03-24,9,701
2026-03-24,10,525
2026-03-24,11,615
2026-03-24,12,661
2026-03-24,13,533
2026-03-24,14,70
2026-03-24,15,676
2026-03-24,16,449
2026-03-24,17,217
2026-03-24,18,176
2026-03-24,19,184
2026-03-24,20,205
2026-03-24,21,194
2026-03-24,22,157
2026-03-24,23,219
2026-03-25,0,158
2026-03-25,1,220
2026-03-25,2,219
2026-03-25,3,183
2026-03-25,4,204
2026-03-25,5,410
2026-03-25,6,753
2026-03-25,7,522
2026-03-25,8,523
2026-03-25,9,428
2026-03-25,10,380
2026-03-25,11,550
2026-03-25,12,557
2026-03-25,13,482
2026-03-25,14,407
2026-03-25,15,454
2026-03-25,16,455
2026-03-25,17,107
2026-03-25,18,112
2026-03-25,19,124
2026-03-25,20,134
2026-03-25,21,117
2026-03-25,22,192
2026-03-25,23,187
2026-03-26,0,243
2026-03-26,1,181
2026-03-26,2,201
2026-03-26,3,209
2026-03-26,4,162
2026-03-26,5,457
2026-03-26,6,544
2026-03-26,7,378
2026-03-26,8,595
2026-03-26,9,525
2026-03-26,10,518
2026-03-26,11,486
2026-03-26,12,455
2026-03-26,13,442
2026-03-26,14,510
2026-03-26,15,422
2026-03-26,16,297
2026-03-26,17,69
2026-03-26,18,50
2026-03-26,19,104
2026-03-26,20,49
2026-03-26,21,59
2026-03-26,22,67
2026-03-26,23,97
2026-03-27,0,84
2026-03-27,1,101
2026-03-27,2,141
2026-03-27,3,90
2026-03-27,4,75
2026-03-27,5,632
2026-03-27,6,667
2026-03-27,7,624
2026-03-27,8,621
2026-03-27,9,519
2026-03-27,10,615
2026-03-27,11,475
2026-03-27,12,824
2026-03-27,13,526
2026-03-27,14,554
2026-03-27,15,688
2026-03-27,16,490
2026-03-27,17,102
2026-03-27,18,59
2026-03-27,19,69
2026-03-27,20,81
2026-03-27,21,68
2026-03-27,22,107
2026-03-27,23,68
2026-03-28,0,105
2026-03-28,1,79
2026-03-28,2,94
2026-03-28,3,90
2026-03-28,4,114
2026-03-28,5,457
2026-03-28,6,505
2026-03-28,7,429
2026-03-28,8,404
2026-03-28,9,378
2026-03-28,10,303
2026-03-28,11,293
2026-03-28,12,430
2026-03-28,13,254
2026-03-28,14,312
2026-03-28,15,368
2026-03-28,16,295
2026-03-28,17,110
2026-03-28,18,94
2026-03-28,19,73
2026-03-28,20,176
2026-03-28,21,42
2026-03-29,4,45
2026-03-29,10,25
2026-03-29,11,17
2026-03-29,12,5
2026-03-29,13,10
2026-03-29,14,19
2026-03-29,15,43
2026-03-29,16,2
2026-03-29,17,58
2026-03-29,18,73
2026-03-29,19,64
2026-03-29,20,74
2026-03-29,21,41
2026-03-29,22,68
2026-03-29,23,69
2026-03-30,0,65
2026-03-30,1,38
2026-03-30,2,62
2026-03-30,3,55
2026-03-30,4,69
2026-03-30,5,593
2026-03-30,6,645
2026-03-30,7,425
2026-03-30,8,534
2026-03-30,9,767
2026-03-30,10,730
2026-03-30,11,567
2026-03-30,12,586
2026-03-30,13,701
2026-03-30,14,624
2026-03-30,15,472
2026-03-30,16,354
2026-03-30,17,70
2026-03-30,18,124
2026-03-30,19,98
2026-03-30,20,30
2026-03-30,21,82
2026-03-30,22,58
2026-03-30,23,105
2026-03-31,0,5
2026-03-31,2,3
2026-03-31,3,1
2026-03-31,4,3
2026-03-31,5,126
2026-03-31,6,308
2026-03-31,7,437
2026-03-31,8,273
2026-03-31,9,303
2026-03-31,10,455
2026-03-31,11,346
2026-03-31,12,474
2026-03-31,13,399
2026-03-31,14,370
2026-03-31,15,355
2026-03-31,16,343
2026-03-31,17,209
2026-03-31,18,172
2026-03-31,19,110
2026-03-31,20,215
2026-03-31,21,154
2026-03-31,22,115
2026-03-31,23,113
2026-04-01,0,148
2026-04-01,1,132
2026-04-01,2,135
2026-04-01,3,159
2026-04-01,4,169
2026-04-01,5,392
2026-04-01,6,695
2026-04-01,7,389
2026-04-01,8,342
2026-04-01,9,421
2026-04-01,10,447
2026-04-01,11,73
2026-04-01,12,96
2026-04-01,13,503
2026-04-01,14,477
2026-04-01,15,565
2026-04-01,16,395
2026-04-01,17,154
2026-04-01,18,191
2026-04-01,19,198
2026-04-01,20,104
2026-04-01,21,88
2026-04-01,22,183
2026-04-01,23,86
2026-04-02,0,49
2026-04-02,1,39
2026-04-02,2,11
2026-04-02,3,59
2026-04-02,4,129
2026-04-02,5,729
2026-04-02,6,709
2026-04-02,7,658
2026-04-02,8,578
2026-04-02,9,709
2026-04-02,10,514
2026-04-02,11,451
2026-04-02,12,666
2026-04-02,13,597
2026-04-02,14,529
2026-04-02,15,548
2026-04-02,16,360
2026-04-02,17,230
2026-04-02,18,182
2026-04-02,19,100
2026-04-02,20,111
2026-04-02,21,167
2026-04-02,22,146
2026-04-02,23,107
2026-04-03,0,149
2026-04-03,1,145
2026-04-03,2,95
2026-04-03,3,175
2026-04-03,4,97
2026-04-03,5,192
2026-04-03,6,217
2026-04-03,7,235
2026-04-03,8,314
2026-04-03,9,287
2026-04-03,10,163
2026-04-03,11,165
2026-04-03,12,183
2026-04-03,13,244
2026-04-03,14,182
2026-04-03,15,85
2026-04-03,16,171
2026-04-03,18,1
2026-04-03,19,18
2026-04-03,20,23
2026-04-03,21,26
2026-04-04,1,1
2026-04-04,4,7
2026-04-04,8,1
2026-04-04,20,3
2026-04-05,8,2
2026-04-05,14,2
2026-04-06,11,1
2026-04-06,21,1
2026-04-07,4,40
2026-04-07,5,455
2026-04-07,6,526
2026-04-07,7,514
2026-04-07,8,547
2026-04-07,9,425
2026-04-07,10,326
2026-04-07,11,395
2026-04-07,12,281
2026-04-07,13,384
2026-04-07,14,355
2026-04-07,15,349
2026-04-07,16,194
2026-04-07,17,127
2026-04-07,18,141
2026-04-07,19,119
2026-04-07,20,194
2026-04-07,21,180
2026-04-07,22,206
2026-04-07,23,232
2026-04-08,0,143
2026-04-08,1,273
2026-04-08,2,165
2026-04-08,3,123
2026-04-08,4,165
2026-04-08,5,456
2026-04-08,6,652
2026-04-08,7,439
2026-04-08,8,390
2026-04-08,9,515
2026-04-08,10,424
2026-04-08,11,462
2026-04-08,12,497
2026-04-08,13,617
2026-04-08,14,637
2026-04-08,15,566
2026-04-08,16,471
2026-04-08,17,149
2026-04-08,18,176
2026-04-08,19,143
2026-04-08,20,164
2026-04-08,21,161
2026-04-08,22,218
2026-04-08,23,259
2026-04-09,0,233
2026-04-09,1,222
2026-04-09,2,191
2026-04-09,3,193
2026-04-09,4,140
2026-04-09,5,350
2026-04-09,6,604
2026-04-09,7,584
2026-04-09,8,390
2026-04-09,9,451
2026-04-09,10,448
2026-04-09,11,421
2026-04-09,12,553
2026-04-09,13,478
2026-04-09,14,409
2026-04-09,15,506
2026-04-09,16,455
2026-04-09,17,31
2026-04-09,18,212
2026-04-09,19,143
2026-04-09,20,174
2026-04-09,21,136
2026-04-09,22,139
2026-04-09,23,201
2026-04-10,0,138
2026-04-10,1,193
2026-04-10,2,149
2026-04-10,3,155
2026-04-10,4,132
2026-04-10,5,497
2026-04-10,6,579
2026-04-10,7,529
2026-04-10,8,659
2026-04-10,9,534
2026-04-10,10,629
2026-04-10,11,484
2026-04-10,12,499
2026-04-10,13,589
2026-04-10,14,354
2026-04-10,15,507
2026-04-10,16,614
2026-04-10,17,201
2026-04-10,18,188
2026-04-10,19,255
2026-04-10,20,211
2026-04-10,21,215
2026-04-10,22,167
2026-04-10,23,165
2026-04-11,0,197
2026-04-11,1,235
2026-04-11,2,171
2026-04-11,3,196
2026-04-11,4,92
2026-04-11,5,450
2026-04-11,6,513
2026-04-11,7,499
2026-04-11,8,503
2026-04-11,9,463
2026-04-11,10,366
2026-04-11,11,440
2026-04-11,12,348
2026-04-11,13,499
2026-04-11,14,387
2026-04-11,15,261
2026-04-11,16,334
2026-04-12,2,2
2026-04-12,12,1
2026-04-13,3,4
2026-04-13,4,44
2026-04-13,5,463
2026-04-13,6,554
2026-04-13,7,384
2026-04-13,8,526
2026-04-13,9,456
2026-04-13,10,478
2026-04-13,11,411
2026-04-13,12,414
2026-04-13,13,488
2026-04-13,14,394
2026-04-13,15,454
2026-04-13,16,469
2026-04-13,17,185
2026-04-13,18,189
2026-04-13,19,108
2026-04-13,20,201
2026-04-13,21,270
2026-04-13,22,170
2026-04-13,23,191
2026-04-14,0,315
2026-04-14,1,342
2026-04-14,2,292
2026-04-14,3,221
2026-04-14,4,251
2026-04-14,5,751
2026-04-14,6,560
2026-04-14,7,595
2026-04-14,8,396
2026-04-14,9,424
2026-04-14,10,319
2026-04-14,11,430
2026-04-14,12,531
2026-04-14,13,388
2026-04-14,14,420
2026-04-14,15,347
2026-04-14,16,264
2026-04-14,17,175
2026-04-14,18,235
2026-04-14,19,167
2026-04-14,20,241
2026-04-14,21,120
2026-04-14,22,188
2026-04-14,23,184
2026-04-15,0,130
2026-04-15,1,349
2026-04-15,2,367
2026-04-15,3,271
2026-04-15,4,237
2026-04-15,5,572
2026-04-15,6,696
2026-04-15,7,491
2026-04-15,8,711
2026-04-15,9,537
2026-04-15,10,455
2026-04-15,11,450
2026-04-15,12,410
2026-04-15,13,460
2026-04-15,14,371
2026-04-15,15,364
2026-04-15,16,353
2026-04-15,17,188
2026-04-15,18,250
2026-04-15,19,206
2026-04-15,20,204
2026-04-15,21,212
2026-04-15,22,194
2026-04-15,23,179
2026-04-16,0,280
2026-04-16,1,290
2026-04-16,2,301
2026-04-16,3,163
2026-04-16,4,202
2026-04-16,5,470
2026-04-16,6,453
2026-04-16,7,504
2026-04-16,8,553
2026-04-16,9,594
2026-04-16,10,575
2026-04-16,11,428
2026-04-16,12,779
2026-04-16,13,499
2026-04-16,14,518
2026-04-16,15,658
2026-04-16,16,465
2026-04-16,17,134
2026-04-16,18,136
2026-04-16,19,138
2026-04-16,20,133
2026-04-16,21,207
2026-04-16,22,137
2026-04-16,23,111
2026-04-17,0,148
2026-04-17,1,215
2026-04-17,2,112
2026-04-17,3,117
2026-04-17,4,106
2026-04-17,5,467
2026-04-17,6,336
2026-04-17,7,434
2026-04-17,8,512
2026-04-17,9,475
2026-04-17,10,390
2026-04-17,11,412
2026-04-17,12,615
2026-04-17,13,364
2026-04-17,14,283
2026-04-17,15,607
2026-04-17,16,468
2026-04-17,17,219
2026-04-17,18,158
2026-04-17,19,144
2026-04-17,20,128
2026-04-17,21,115
2026-04-17,22,151
2026-04-17,23,108
2026-04-18,0,134
2026-04-18,1,166
2026-04-18,2,182
2026-04-18,3,345
2026-04-18,4,325
2026-04-18,5,390
2026-04-18,6,471
2026-04-18,7,426
2026-04-18,8,466
2026-04-18,9,414
2026-04-18,10,345
2026-04-18,11,351
2026-04-18,12,354
2026-04-18,13,400
2026-04-18,14,450
2026-04-18,15,407
2026-04-18,16,424
2026-04-18,17,177
2026-04-18,18,244
2026-04-18,19,201
2026-04-18,20,199
2026-04-18,21,196
2026-04-18,22,173
2026-04-18,23,128
2026-04-19,0,161
2026-04-19,1,74
2026-04-19,2,151
2026-04-19,3,111
2026-04-19,4,73
2026-04-19,6,1
2026-04-19,10,1
2026-04-19,14,1
2026-04-19,19,1
2026-04-20,1,6
2026-04-20,3,1
2026-04-20,4,15
2026-04-20,5,543
2026-04-20,6,817
2026-04-20,7,548
2026-04-20,8,764
2026-04-20,9,756
2026-04-20,10,602
2026-04-20,11,606
2026-04-20,12,323
2026-04-20,13,701
2026-04-20,14,393
2026-04-20,15,556
2026-04-20,16,434
2026-04-20,17,132
2026-04-20,18,209
2026-04-20,19,228
2026-04-20,20,197
2026-04-20,21,221
2026-04-20,22,234
2026-04-20,23,232
2026-04-21,0,215
2026-04-21,1,173
2026-04-21,2,158
2026-04-21,3,165
2026-04-21,4,97
2026-04-21,5,480
2026-04-21,6,607
2026-04-21,7,488
2026-04-21,8,583
2026-04-21,9,571
2026-04-21,10,416
2026-04-21,11,495
2026-04-21,12,477
2026-04-21,13,441
2026-04-21,14,493
2026-04-21,15,526
2026-04-21,16,393
2026-04-21,17,217
2026-04-21,18,222
2026-04-21,19,204
2026-04-21,20,194
2026-04-21,21,195
2026-04-21,22,194
2026-04-21,23,258
2026-04-22,0,211
2026-04-22,1,239
2026-04-22,2,199
2026-04-22,3,141
2026-04-22,4,161
2026-04-22,5,420
2026-04-22,6,678
2026-04-22,7,457
2026-04-22,8,573
2026-04-22,9,712
2026-04-22,10,546
2026-04-22,11,423
2026-04-22,12,612
2026-04-22,13,558
2026-04-22,14,520
2026-04-22,15,468
2026-04-22,16,401
2026-04-22,17,56
2026-04-22,18,98
2026-04-22,19,115
2026-04-22,20,96
2026-04-22,21,106
2026-04-22,22,68
2026-04-22,23,90
2026-04-23,0,46
2026-04-23,1,123
2026-04-23,2,103
2026-04-23,3,79
2026-04-23,4,56
2026-04-23,5,244
2026-04-23,6,446
2026-04-23,7,473
2026-04-23,8,760
2026-04-23,9,865
2026-04-23,10,618
2026-04-23,11,585
2026-04-23,12,534
2026-04-23,13,645
2026-04-23,14,669
2026-04-23,15,807
2026-04-23,16,807
2026-04-23,17,143
2026-04-23,18,226
2026-04-23,19,250
2026-04-23,20,221
2026-04-23,21,149
2026-04-23,22,200
2026-04-23,23,227
2026-04-24,0,182
2026-04-24,1,185
2026-04-24,2,181
2026-04-24,3,185
2026-04-24,4,105
2026-04-24,5,652
2026-04-24,6,769
2026-04-24,7,759
2026-04-24,8,720
2026-04-24,9,620
2026-04-24,10,686
2026-04-24,11,523
2026-04-24,12,698
2026-04-24,13,574
2026-04-24,14,713
2026-04-24,15,728
2026-04-24,16,786
2026-04-24,17,267
2026-04-24,18,297
2026-04-24,19,242
2026-04-24,20,251
2026-04-24,21,128
2026-04-24,22,193
2026-04-24,23,241
2026-04-25,0,354
2026-04-25,1,253
2026-04-25,2,300
2026-04-25,3,184
2026-04-25,4,160
2026-04-25,5,651
2026-04-25,6,908
2026-04-25,7,681
2026-04-25,8,798
2026-04-25,9,766
2026-04-25,10,647
2026-04-25,11,665
2026-04-25,12,745
2026-04-25,13,586
2026-04-25,14,803
2026-04-25,15,498
2026-04-25,16,402
2026-04-25,17,109
2026-04-25,18,190
2026-04-25,19,206
2026-04-25,20,153
2026-04-25,21,154
2026-04-25,22,110
2026-04-25,23,171
2026-04-26,0,144
2026-04-26,1,249
2026-04-26,2,136
2026-04-26,3,236
2026-04-26,4,73
2026-04-26,5,204
2026-04-26,6,233
2026-04-26,7,167
2026-04-26,8,275
2026-04-26,9,319
2026-04-26,10,230
2026-04-26,11,292
2026-04-26,12,197
2026-04-26,13,115
2026-04-26,14,111
2026-04-26,15,132
2026-04-26,16,67
2026-04-27,4,21
2026-04-27,5,280
2026-04-27,6,424
2026-04-27,7,360
2026-04-27,8,282
2026-04-27,9,245
2026-04-27,10,262
2026-04-27,11,400
2026-04-27,12,413
2026-04-27,13,281
2026-04-27,14,190
2026-04-27,15,300
2026-04-27,16,232
2026-04-27,17,199
2026-04-27,18,313
2026-04-27,19,396
2026-04-27,20,291
2026-04-27,21,239
2026-04-27,22,380
2026-04-27,23,264
2026-04-28,0,318
2026-04-28,1,244
2026-04-28,2,247
2026-04-28,3,221
2026-04-28,4,137
2026-04-28,5,272
2026-04-28,6,452
2026-04-28,7,482
2026-04-28,8,422
2026-04-28,9,449
2026-04-28,10,528
2026-04-28,11,339
2026-04-28,12,567
2026-04-28,13,554
2026-04-28,14,633
2026-04-28,15,462
2026-04-28,16,482
2026-04-28,17,182
2026-04-28,18,257
2026-04-28,19,322
2026-04-28,20,310
2026-04-28,21,180
2026-04-28,22,245
2026-04-28,23,143
2026-04-29,0,276
2026-04-29,1,404
2026-04-29,2,301
2026-04-29,3,293
2026-04-29,4,67
2026-04-29,5,534
2026-04-29,6,609
2026-04-29,7,627
2026-04-29,8,523
2026-04-29,9,733
2026-04-29,10,671
2026-04-29,11,564
2026-04-29,12,661
2026-04-29,13,544
2026-04-29,14,435
2026-04-29,15,662
2026-04-29,16,497
2026-04-29,17,225
2026-04-29,18,419
2026-04-29,19,365
2026-04-29,20,284
2026-04-29,21,214
2026-04-29,22,262
2026-04-29,23,336
2026-04-30,0,254
2026-04-30,1,381
2026-04-30,2,292
2026-04-30,3,329
2026-04-30,4,207
2026-04-30,5,667
2026-04-30,6,980
2026-04-30,7,764
2026-04-30,8,738
2026-04-30,9,734
2026-04-30,10,657
2026-04-30,11,513
2026-04-30,12,694
2026-04-30,13,719
2026-04-30,14,706
2026-04-30,15,706
2026-04-30,16,704
2026-04-30,17,165
2026-04-30,18,325
2026-04-30,19,369
2026-04-30,20,392
2026-04-30,21,385
2026-04-30,22,380
2026-04-30,23,278
2026-05-01,0,428
2026-05-01,1,350
2026-05-01,2,354
2026-05-01,3,322
2026-05-01,4,350
2026-05-01,5,1138
2026-05-01,6,1109
2026-05-01,7,903
2026-05-01,8,912
2026-05-01,9,837
2026-05-01,10,537
2026-05-01,11,458
2026-05-01,12,480
2026-05-01,13,425
2026-05-01,14,356
2026-05-01,15,110
2026-05-01,16,85
2026-05-01,17,69
2026-05-01,20,83
2026-05-01,21,46
2026-05-01,22,65
2026-05-01,23,93
2026-05-02,0,67
2026-05-02,1,28
2026-05-02,2,17
2026-05-02,3,8
2026-05-02,4,1
2026-05-02,5,37
2026-05-02,6,157
2026-05-02,7,174
2026-05-02,8,154
2026-05-02,9,138
2026-05-02,10,39
2026-05-02,11,173
2026-05-02,12,45
2026-05-02,14,18
2026-05-02,15,20
2026-05-02,16,31
2026-05-02,17,10
2026-05-02,20,1
2026-05-02,22,54
2026-05-02,23,127
2026-05-03,0,86
2026-05-03,1,103
2026-05-03,2,45
2026-05-03,3,67
2026-05-03,4,68
2026-05-03,6,2
2026-05-03,7,24
2026-05-03,8,4
2026-05-03,10,4
2026-05-03,13,2
2026-05-03,15,3
2026-05-03,18,14
2026-05-03,19,16
2026-05-03,21,10
2026-05-03,23,23
2026-05-04,0,8
2026-05-04,2,11
2026-05-04,3,53
2026-05-04,4,21
2026-05-04,5,258
2026-05-04,6,407
2026-05-04,7,382
2026-05-04,8,435
2026-05-04,9,498
2026-05-04,10,431
2026-05-04,11,464
2026-05-04,12,470
2026-05-04,13,380
2026-05-04,14,560
2026-05-04,15,565
2026-05-04,16,466
2026-05-04,17,214
2026-05-04,18,220
2026-05-04,19,192
2026-05-04,20,304
2026-05-04,21,220
2026-05-04,22,145
2026-05-04,23,33
2026-05-05,0,200
2026-05-05,1,301
2026-05-05,2,250
2026-05-05,3,176
2026-05-05,4,170
2026-05-05,5,490
2026-05-05,6,835
2026-05-05,7,673
2026-05-05,8,691
2026-05-05,9,710
2026-05-05,10,353
2026-05-05,11,390
2026-05-05,12,293
2026-05-05,13,1010
2026-05-05,14,639
2026-05-05,15,825
2026-05-05,16,733
2026-05-05,17,243
2026-05-05,18,119
2026-05-05,19,71
2026-05-05,20,289
2026-05-05,21,206
2026-05-05,22,111
2026-05-05,23,205
2026-05-06,0,200
2026-05-06,1,181
2026-05-06,2,234
2026-05-06,3,232
2026-05-06,4,135
2026-05-06,5,711
2026-05-06,6,838
2026-05-06,7,764
2026-05-06,8,909
2026-05-06,9,915
2026-05-06,10,601
2026-05-06,11,613
2026-05-06,12,659
2026-05-06,13,598
2026-05-06,14,452
2026-05-06,15,504
2026-05-06,16,457
2026-05-06,17,207
2026-05-06,18,238
2026-05-06,19,165
2026-05-06,20,211
2026-05-06,21,245
2026-05-06,22,197
2026-05-06,23,290
2026-05-07,0,167
2026-05-07,1,172
2026-05-07,2,164
2026-05-07,3,216
2026-05-07,4,183
2026-05-07,5,652
2026-05-07,6,606
2026-05-07,7,717
2026-05-07,8,533
2026-05-07,9,732
2026-05-07,10,736
2026-05-07,11,556
2026-05-07,12,718
2026-05-07,13,811
2026-05-07,14,717
2026-05-07,15,828
2026-05-07,16,585
2026-05-07,17,260
2026-05-07,18,224
2026-05-07,19,250
2026-05-07,20,275
2026-05-07,21,301
2026-05-07,22,243
2026-05-07,23,218
2026-05-08,0,290
2026-05-08,1,352
2026-05-08,2,267
2026-05-08,3,115
2026-05-08,4,144
2026-05-08,5,150
2026-05-08,6,105
2026-05-08,7,94
2026-05-08,8,109
2026-05-08,9,92
2026-05-08,10,85
2026-05-08,11,86
2026-05-08,12,87
2026-05-08,13,60
2026-05-08,14,48
2026-05-08,15,61
2026-05-08,16,7
2026-05-08,20,1
2026-05-09,1,1
2026-05-09,3,7
2026-05-09,7,19
2026-05-09,8,15
2026-05-09,9,20
2026-05-09,10,26
2026-05-09,11,28
2026-05-09,12,25
2026-05-09,13,23
2026-05-09,14,24
2026-05-09,15,19
2026-05-09,16,13
2026-05-09,17,8
2026-05-10,2,1
2026-05-10,5,10
2026-05-10,6,12
2026-05-10,7,13
2026-05-10,11,1
2026-05-10,13,12
2026-05-10,14,12
2026-05-10,16,1
2026-05-11,4,9
2026-05-11,5,231
2026-05-11,6,325
2026-05-11,7,533
2026-05-11,8,484
2026-05-11,9,736
2026-05-11,10,613
2026-05-11,11,585
2026-05-11,12,695
2026-05-11,13,600
2026-05-11,14,535
2026-05-11,15,636
2026-05-11,16,637
2026-05-11,17,254
2026-05-11,18,287
2026-05-11,19,183
2026-05-11,20,165
2026-05-11,21,243
2026-05-11,22,214
2026-05-11,23,217
2026-05-12,0,177
2026-05-12,1,311
2026-05-12,2,260
2026-05-12,3,258
2026-05-12,4,189
2026-05-12,5,611
2026-05-12,6,934
2026-05-12,7,589
2026-05-12,8,715
2026-05-12,9,682
2026-05-12,10,552
2026-05-12,11,487
2026-05-12,12,723
2026-05-12,13,563
2026-05-12,14,484
2026-05-12,15,742
2026-05-12,16,634
2026-05-12,17,247
2026-05-12,18,290
2026-05-12,19,208
2026-05-12,20,315
2026-05-12,21,340
2026-05-12,22,348
2026-05-12,23,226
2026-05-13,0,239
2026-05-13,1,250
2026-05-13,2,164
2026-05-13,3,217
2026-05-13,4,100
2026-05-13,5,604
2026-05-13,6,638
2026-05-13,7,565
2026-05-13,8,645
2026-05-13,9,856
2026-05-13,10,575
2026-05-13,11,550
2026-05-13,12,688
2026-05-13,13,807
2026-05-13,14,684
2026-05-13,15,392
2026-05-13,16,592
2026-05-13,17,197
2026-05-13,18,277
2026-05-13,19,217
2026-05-13,20,333
2026-05-13,21,325
2026-05-13,22,272
2026-05-13,23,215
2026-05-14,0,205
2026-05-14,1,307
2026-05-14,2,219
2026-05-14,3,326
2026-05-14,4,198
2026-05-14,5,462
2026-05-14,6,686
2026-05-14,7,281
2026-05-14,8,696
2026-05-14,9,672
2026-05-14,10,636
2026-05-14,11,617
2026-05-14,12,702
2026-05-14,13,770
2026-05-14,14,796
2026-05-14,15,707
2026-05-14,16,496
2026-05-14,17,324
2026-05-14,18,382
2026-05-14,19,357
2026-05-14,20,403
2026-05-14,21,324
2026-05-14,22,361
2026-05-14,23,322
2026-05-15,0,362
2026-05-15,1,310
2026-05-15,2,370
2026-05-15,3,383
2026-05-15,4,188
2026-05-15,5,330
2026-05-15,6,363
2026-05-15,7,604
2026-05-15,8,662
2026-05-15,9,712
2026-05-15,10,488
2026-05-15,11,508
2026-05-15,12,828
2026-05-15,13,739
2026-05-15,14,662
2026-05-15,15,717
2026-05-15,16,631
2026-05-15,17,363
2026-05-15,18,338
2026-05-15,19,348
2026-05-15,20,266
2026-05-15,21,394
2026-05-15,22,259
2026-05-15,23,455
2026-05-16,0,352
2026-05-16,1,231
2026-05-16,2,83
2026-05-16,3,199
2026-05-16,4,76
2026-05-16,5,228
2026-05-16,6,279
2026-05-16,7,165
2026-05-16,8,188
2026-05-16,9,207
2026-05-16,10,129
2026-05-16,11,43
2026-05-16,12,27
2026-05-16,13,22
2026-05-16,14,5
2026-05-16,15,1
2026-05-16,16,1
2026-05-17,6,2
2026-05-17,7,2
2026-05-17,9,1
2026-05-17,11,3
2026-05-17,15,1
2026-05-17,16,1
2026-05-18,3,3
2026-05-18,5,411
2026-05-18,6,711
2026-05-18,7,739
2026-05-18,8,679
2026-05-18,9,887
2026-05-18,10,698
2026-05-18,11,610
2026-05-18,12,845
2026-05-18,13,859
2026-05-18,14,900
2026-05-18,15,809
2026-05-18,16,651
2026-05-18,17,258
2026-05-18,18,304
2026-05-18,19,159
2026-05-18,20,238
2026-05-18,21,243
2026-05-18,22,189
2026-05-18,23,331
2026-05-19,0,316
2026-05-19,1,324
2026-05-19,2,274
2026-05-19,3,197
2026-05-19,4,117
2026-05-19,5,96
2026-05-19,6,506
2026-05-19,7,395
2026-05-19,8,525
2026-05-19,9,794
2026-05-19,10,658
2026-05-19,11,518
2026-05-19,12,713
2026-05-19,13,723
2026-05-19,14,602
2026-05-19,15,759
2026-05-19,16,584
2026-05-19,17,166
2026-05-19,18,203
2026-05-19,19,202
2026-05-19,20,280
2026-05-19,21,206
2026-05-19,22,184
2026-05-19,23,234
2026-05-20,0,149
2026-05-20,1,205
2026-05-20,2,231
2026-05-20,3,185
2026-05-20,4,84
2026-05-20,5,533
2026-05-20,6,501
2026-05-20,7,325
2026-05-20,8,405
2026-05-20,9,448
2026-05-20,10,493
2026-05-20,11,302
2026-05-20,12,531
2026-05-20,13,455
2026-05-20,14,412
2026-05-20,15,455
2026-05-20,16,352
2026-05-20,17,37
2026-05-20,18,109
2026-05-20,19,96
2026-05-20,20,114
2026-05-20,21,57
2026-05-20,22,73
2026-05-20,23,122
2026-05-21,0,67
2026-05-21,1,154
2026-05-21,2,167
2026-05-21,3,127
2026-05-21,4,80
2026-05-21,5,281
2026-05-21,6,415
2026-05-21,7,462
2026-05-21,8,257
2026-05-21,9,537
2026-05-21,10,461
2026-05-21,11,362
2026-05-21,12,520
2026-05-21,13,468
2026-05-21,14,410
2026-05-21,15,453
2026-05-21,16,588
2026-05-21,17,123
2026-05-21,18,165
2026-05-21,19,145
2026-05-21,20,133
2026-05-21,21,154
2026-05-21,22,146
2026-05-21,23,84
2026-05-22,0,62
2026-05-22,1,143
2026-05-22,2,160
2026-05-22,3,107
2026-05-22,4,133
2026-05-22,5,392
2026-05-22,6,543
2026-05-22,7,251
2026-05-22,8,279
2026-05-22,9,530
2026-05-22,10,420
2026-05-22,11,475
2026-05-22,12,592
2026-05-22,13,543
2026-05-22,14,441
2026-05-22,15,659
2026-05-22,16,610
2026-05-22,17,21
2026-05-22,18,51
2026-05-22,19,51
2026-05-22,20,118
2026-05-22,21,111
2026-05-22,22,101
2026-05-22,23,146
2026-05-23,0,165
2026-05-23,1,117
2026-05-23,2,130
2026-05-23,3,157
2026-05-23,4,97
2026-05-23,5,184
2026-05-23,6,353
2026-05-23,7,260
2026-05-23,8,365
2026-05-23,9,495
2026-05-23,10,439
2026-05-23,11,404
2026-05-23,12,437
2026-05-23,13,285
2026-05-23,14,225
2026-05-23,15,274
2026-05-23,16,288
2026-05-23,17,116
2026-05-23,18,122
2026-05-23,19,25
2026-05-23,20,70
2026-05-23,21,50
2026-05-23,22,44
2026-05-23,23,121
2026-05-24,0,127
2026-05-24,1,123
2026-05-24,2,121
2026-05-24,3,105
2026-05-24,4,72
2026-05-24,5,13
2026-05-24,6,18
2026-05-24,7,43
2026-05-24,8,76
2026-05-24,9,55
2026-05-24,10,12
2026-05-24,11,36
2026-05-24,12,10
2026-05-24,13,16
2026-05-24,15,25
2026-05-24,16,17
2026-05-24,17,15
2026-05-24,18,9
2026-05-24,19,24
2026-05-24,20,51
2026-05-24,21,65
2026-05-24,22,19
2026-05-24,23,43
2026-05-25,0,38
2026-05-25,1,38
2026-05-25,2,9
2026-05-25,3,47
2026-05-25,4,34
2026-05-25,5,323
2026-05-25,6,371
2026-05-25,7,256
2026-05-25,8,314
2026-05-25,9,321
2026-05-25,10,186
2026-05-25,11,258
2026-05-25,12,248
2026-05-25,13,345
2026-05-25,14,249
2026-05-25,15,361
2026-05-25,16,277
2026-05-25,17,133
2026-05-25,18,300
2026-05-25,19,221
2026-05-25,20,265
2026-05-25,21,280
2026-05-25,22,254
2026-05-25,23,152
2026-05-26,0,267
2026-05-26,1,339
2026-05-26,2,301
2026-05-26,3,305
2026-05-26,4,230
2026-05-26,5,255
2026-05-26,6,396
2026-05-26,7,543
2026-05-26,8,318
2026-05-26,9,386
2026-05-26,10,318
2026-05-26,11,308
2026-05-26,12,475
2026-05-26,13,355
2026-05-26,14,203
2026-05-26,15,401
2026-05-26,16,251
2026-05-26,17,132
2026-05-26,18,193
2026-05-26,19,146
2026-05-26,20,177
2026-05-26,21,218
2026-05-26,22,168
2026-05-26,23,134
2026-05-27,0,217
2026-05-27,1,183
2026-05-27,2,164
2026-05-27,3,172
2026-05-27,4,148
2026-05-27,5,365
2026-05-27,6,413
2026-05-27,7,454
2026-05-27,8,307
2026-05-27,9,525
2026-05-27,10,397
2026-05-27,11,356
2026-05-27,12,381
2026-05-27,13,463
2026-05-27,14,346
2026-05-27,15,449
2026-05-27,16,515
2026-05-27,17,281
2026-05-27,18,213
2026-05-27,19,242
2026-05-27,20,139
2026-05-27,21,117
2026-05-27,22,194
2026-05-27,23,119
2026-05-28,0,140
2026-05-28,1,230
2026-05-28,2,301
2026-05-28,3,153
2026-05-28,4,205
2026-05-28,5,397
2026-05-28,6,526
2026-05-28,7,355
2026-05-28,8,381
2026-05-28,9,579
2026-05-28,10,488
2026-05-28,11,326
2026-05-28,12,503
2026-05-28,13,730
2026-05-28,14,401
2026-05-28,15,285
2026-05-28,16,478
2026-05-28,17,147
2026-05-28,18,184
2026-05-28,19,191
2026-05-28,20,266
2026-05-28,21,291
2026-05-28,22,222
2026-05-28,23,202
2026-05-29,0,258
2026-05-29,1,240
2026-05-29,2,199
2026-05-29,3,196
2026-05-29,4,186
2026-05-29,5,278
2026-05-29,6,676
2026-05-29,7,561
2026-05-29,8,313
2026-05-29,9,533
2026-05-29,10,567
2026-05-29,11,367
2026-05-29,12,598
2026-05-29,13,673
2026-05-29,14,398
2026-05-29,15,677
2026-05-29,16,619
2026-05-29,17,239
2026-05-29,18,392
2026-05-29,19,217
2026-05-29,20,362
2026-05-29,21,514
2026-05-29,22,391
2026-05-29,23,330
2026-05-30,0,344
2026-05-30,1,281
2026-05-30,2,279
2026-05-30,3,344
2026-05-30,4,249
2026-05-30,5,480
2026-05-30,6,492
2026-05-30,7,523
2026-05-30,8,208
2026-05-30,9,440
2026-05-30,10,481
2026-05-30,11,366
2026-05-30,12,417
2026-05-30,13,589
2026-05-30,14,340
2026-05-30,15,478
2026-05-30,16,465
2026-05-30,17,113
2026-05-30,18,204
2026-05-30,19,150
2026-05-30,20,161
2026-05-30,21,157
2026-05-30,22,206
2026-05-30,23,151
2026-05-31,0,219
2026-05-31,1,195
2026-05-31,2,298
2026-05-31,3,133
2026-05-31,4,167
2026-05-31,5,344
2026-05-31,6,361
2026-05-31,7,347
2026-05-31,8,232
2026-05-31,9,202
2026-05-31,10,382
2026-05-31,11,225
2026-05-31,12,297
2026-05-31,13,410
2026-05-31,14,213
2026-05-31,15,323
2026-05-31,16,225
2026-05-31,17,130
2026-05-31,18,202
2026-05-31,19,245
2026-05-31,20,176
2026-05-31,21,148
2026-05-31,22,215
2026-05-31,23,174
2026-06-01,0,206
2026-06-01,1,158
2026-06-01,2,161
2026-06-01,3,164
2026-06-01,4,172
2026-06-01,5,406
2026-06-01,6,524
2026-06-01,7,439
2026-06-01,8,350
2026-06-01,9,625
2026-06-01,10,519
2026-06-01,11,272
2026-06-01,12,412
2026-06-01,13,495
2026-06-01,14,400
2026-06-01,15,382
2026-06-01,16,592
2026-06-01,17,190
2026-06-01,18,226
2026-06-01,19,217
2026-06-01,20,182
2026-06-01,21,231
2026-06-01,22,103
2026-06-01,23,47
2026-06-02,0,94
2026-06-02,1,130
2026-06-02,2,155
2026-06-02,3,162
2026-06-02,4,153
2026-06-02,5,286
2026-06-02,6,860
2026-06-02,7,716
2026-06-02,8,387
2026-06-02,9,774
2026-06-02,10,646
2026-06-02,11,409
2026-06-02,12,605
2026-06-02,13,660
2026-06-02,14,511
2026-06-02,15,553
2026-06-02,16,798
2026-06-02,17,306
2026-06-02,18,354
2026-06-02,19,225
2026-06-02,20,250
2026-06-02,21,235
2026-06-02,22,252
2026-06-02,23,280
2026-06-03,0,182
2026-06-03,1,180
2026-06-03,2,261
2026-06-03,3,251
2026-06-03,4,208
2026-06-03,5,526
2026-06-03,6,702
2026-06-03,7,447
2026-06-03,8,313
2026-06-03,9,645
2026-06-03,10,541
2026-06-03,11,337
2026-06-03,12,161
2026-06-03,13,413
2026-06-03,14,490
2026-06-03,15,453
2026-06-03,16,485
2026-06-03,17,113
2026-06-03,18,251
2026-06-03,19,155
2026-06-03,20,232
2026-06-03,21,235
2026-06-03,22,227
2026-06-03,23,228
2026-06-04,0,276
2026-06-04,1,295
2026-06-04,2,240
2026-06-04,3,202
2026-06-04,4,230
2026-06-04,5,429
2026-06-04,6,404
2026-06-04,7,409
2026-06-04,8,275
2026-06-04,9,480
2026-06-04,10,509
2026-06-04,11,451
2026-06-04,12,230
2026-06-04,13,528
2026-06-04,14,250
2026-06-04,15,437
2026-06-04,16,419
2026-06-04,17,163
2026-06-04,18,195
2026-06-04,19,228
2026-06-04,20,254
2026-06-04,21,181
2026-06-04,22,222
2026-06-04,23,151
2026-06-05,0,190
2026-06-05,1,192
2026-06-05,2,182
2026-06-05,3,164
2026-06-05,4,200
2026-06-05,5,473
2026-06-05,6,850
2026-06-05,7,666
2026-06-05,8,252
2026-06-05,9,718
2026-06-05,10,690
2026-06-05,11,465
2026-06-05,12,387
2026-06-05,13,708
2026-06-05,14,643
2026-06-05,15,478
2026-06-05,16,601
2026-06-05,17,175
2026-06-05,18,354
2026-06-05,19,234
2026-06-05,20,311
2026-06-05,21,242
2026-06-05,22,275
2026-06-05,23,200
2026-06-06,0,269
2026-06-06,1,273
2026-06-06,2,282
2026-06-06,3,340
2026-06-06,4,228
2026-06-06,5,329
2026-06-06,6,426
2026-06-06,7,467
2026-06-06,8,287
2026-06-06,9,447
2026-06-06,10,386
2026-06-06,11,300
2026-06-06,12,496
2026-06-06,13,458
2026-06-06,14,323
2026-06-06,15,486
2026-06-06,16,391
2026-06-06,17,101
2026-06-06,18,65
2026-06-06,19,118
2026-06-06,20,138
2026-06-06,21,171
2026-06-06,22,155
2026-06-06,23,97
2026-06-07,0,208
2026-06-07,1,90
2026-06-07,2,29
2026-06-07,3,94
2026-06-07,4,99
2026-06-07,5,83
2026-06-07,6,204
2026-06-07,7,177
2026-06-07,8,150
2026-06-07,9,221
2026-06-07,10,189
2026-06-07,11,190
2026-06-07,12,177
2026-06-07,13,166
2026-06-07,14,183
2026-06-07,15,171
2026-06-07,16,149
2026-06-07,17,24
2026-06-07,18,19
2026-06-07,19,17
2026-06-08,5,404
2026-06-08,6,724
2026-06-08,7,773
2026-06-08,8,461
2026-06-08,9,847
2026-06-08,10,876
2026-06-08,11,417
2026-06-08,12,773
2026-06-08,13,908
2026-06-08,14,540
2026-06-08,15,814
2026-06-08,16,629
2026-06-08,17,145
2026-06-08,18,177
2026-06-08,19,100
2026-06-08,20,215
2026-06-08,21,153
2026-06-08,22,176
2026-06-08,23,108
2026-06-09,0,111
2026-06-09,1,155
2026-06-09,2,96
2026-06-09,3,166
2026-06-09,4,124
2026-06-09,5,531
2026-06-09,6,813
2026-06-09,7,881
2026-06-09,8,456
2026-06-09,9,874
2026-06-09,10,628
2026-06-09,11,472
2026-06-09,12,747
2026-06-09,13,721
2026-06-09,14,546
2026-06-09,15,706
2026-06-09,16,576
2026-06-09,17,132
2026-06-09,18,122
2026-06-09,19,137
2026-06-09,20,179
2026-06-09,21,134
2026-06-09,22,124
2026-06-09,23,97
2026-06-10,0,8
2026-06-10,1,33
2026-06-10,2,42
2026-06-10,3,54
2026-06-10,4,32
2026-06-10,5,277
2026-06-10,6,699
2026-06-10,7,486
2026-06-10,8,172
2026-06-10,9,560
2026-06-10,10,744
2026-06-10,11,267
2026-06-10,12,732
2026-06-10,13,793
2026-06-10,14,506
2026-06-10,15,764
2026-06-10,16,658
2026-06-10,17,193
2026-06-10,18,214
2026-06-10,19,142
2026-06-10,20,171
2026-06-10,21,135
2026-06-10,22,161
2026-06-10,23,130
2026-06-11,0,169
2026-06-11,1,175
2026-06-11,2,170
2026-06-11,3,123
2026-06-11,4,180
2026-06-11,5,454
2026-06-11,6,561
2026-06-11,7,669
2026-06-11,8,256
2026-06-11,9,531
2026-06-11,10,447
2026-06-11,11,373
2026-06-11,12,602
2026-06-11,13,698
2026-06-11,14,521
2026-06-11,15,602
2026-06-11,16,450
2026-06-11,17,149
2026-06-11,18,116
2026-06-11,19,114
2026-06-11,20,144
2026-06-11,21,201
2026-06-11,22,243
2026-06-11,23,204
2026-06-12,0,207
2026-06-12,1,237
2026-06-12,2,145
2026-06-12,3,199
2026-06-12,4,222
2026-06-12,5,506
2026-06-12,6,622
2026-06-12,7,640
2026-06-12,8,430
2026-06-12,9,862
2026-06-12,10,549
2026-06-12,11,403
2026-06-12,12,671
2026-06-12,13,618
2026-06-12,14,452
2026-06-12,15,570
2026-06-12,16,611
2026-06-12,17,130
2026-06-12,18,109
2026-06-12,19,126
2026-06-12,20,55
2026-06-12,21,145
2026-06-12,22,152
2026-06-12,23,234
2026-06-13,0,212
2026-06-13,1,276
2026-06-13,2,282
2026-06-13,3,406
2026-06-13,4,375
2026-06-13,5,182
2026-06-13,6,220
2026-06-13,7,277
2026-06-13,8,165
2026-06-13,9,197
2026-06-13,10,171
2026-06-13,11,151
2026-06-13,12,360
2026-06-13,13,272
2026-06-13,14,264
2026-06-13,15,216
2026-06-13,16,200
2026-06-13,17,52
2026-06-13,18,214
2026-06-13,19,109
2026-06-13,20,108
2026-06-13,21,144
2026-06-13,22,69
2026-06-13,23,62
2026-06-14,0,15
2026-06-14,1,63
2026-06-14,2,62
2026-06-14,3,117
2026-06-14,4,120
2026-06-14,5,10
2026-06-14,6,11
2026-06-14,7,39
2026-06-14,8,39
2026-06-14,9,21
2026-06-14,10,17
2026-06-14,11,19
2026-06-14,12,20
2026-06-14,13,21
2026-06-14,14,22
2026-06-14,15,35
2026-06-14,16,55
2026-06-14,17,113
2026-06-14,18,44
2026-06-14,19,4
2026-06-14,20,17
2026-06-14,21,19
2026-06-14,22,10
2026-06-15,4,4
2026-06-15,5,340
2026-06-15,6,519
2026-06-15,7,440
2026-06-15,8,293
2026-06-15,9,532
2026-06-15,10,548
2026-06-15,11,449
2026-06-15,12,541
2026-06-15,13,485
2026-06-15,14,264
2026-06-15,15,424
2026-06-15,16,332
2026-06-15,17,268
2026-06-15,18,320
2026-06-15,19,321
2026-06-15,20,282
2026-06-15,21,277
2026-06-15,22,297
2026-06-15,23,237
2026-06-16,0,303
2026-06-16,1,296
2026-06-16,2,281
2026-06-16,3,362
2026-06-16,4,217
2026-06-16,5,230
2026-06-16,6,373
2026-06-16,7,536
2026-06-16,8,241
2026-06-16,9,498
2026-06-16,10,449
2026-06-16,11,337
2026-06-16,12,267
2026-06-16,13,528
2026-06-16,14,396
2026-06-16,15,462
2026-06-16,16,359
2026-06-16,17,339
2026-06-16,18,304
2026-06-16,19,214
2026-06-16,20,253
2026-06-16,21,304
2026-06-16,22,235
2026-06-16,23,295
2026-06-17,0,259
2026-06-17,1,311
2026-06-17,2,204
2026-06-17,3,409
2026-06-17,4,298
2026-06-17,5,290
2026-06-17,6,398
2026-06-17,7,986
2026-06-17,8,311
2026-06-17,9,395
2026-06-17,10,374
2026-06-17,11,202
2026-06-17,12,343
2026-06-17,13,357
2026-06-17,14,237
2026-06-17,15,392
2026-06-17,16,362
2026-06-17,17,293
2026-06-17,18,390
2026-06-17,19,250
2026-06-17,20,209
2026-06-17,21,287
2026-06-17,22,185
2026-06-17,23,222
2026-06-18,0,153
2026-06-18,1,208
2026-06-18,2,244
2026-06-18,3,236
2026-06-18,4,254
2026-06-18,5,275
2026-06-18,6,364
2026-06-18,7,629
2026-06-18,8,236
2026-06-18,9,358
2026-06-18,10,343
2026-06-18,11,228
2026-06-18,12,348
2026-06-18,13,389
2026-06-18,14,329
2026-06-18,15,546
2026-06-18,16,332
2026-06-18,17,200
2026-06-18,18,284
2026-06-18,19,510
2026-06-18,20,237
2026-06-18,21,270
2026-06-18,22,281
2026-06-18,23,352
2026-06-19,0,247
2026-06-19,1,356
2026-06-19,2,370
2026-06-19,3,545
2026-06-19,4,503
2026-06-19,5,332
2026-06-19,6,331
2026-06-19,7,435
2026-06-19,8,277
2026-06-19,9,322
2026-06-19,10,534
2026-06-19,11,377
2026-06-19,12,366
2026-06-19,13,364
2026-06-19,14,233
2026-06-19,15,164
2026-06-19,16,416
2026-06-19,17,250
2026-06-19,18,272
2026-06-19,19,249
2026-06-19,20,279
2026-06-19,21,324
2026-06-19,22,332
2026-06-19,23,263
2026-06-20,0,357
2026-06-20,1,350
2026-06-20,2,96
2026-06-20,3,302
2026-06-20,4,387
2026-06-20,5,233
2026-06-20,6,244
2026-06-20,7,274
2026-06-20,8,155
2026-06-20,9,291
2026-06-20,10,288
2026-06-20,11,172
2026-06-20,12,329
2026-06-20,13,315
2026-06-20,14,217
2026-06-20,15,282
2026-06-20,16,319
2026-06-20,17,188
2026-06-20,18,176
2026-06-20,19,133
2026-06-20,20,103
2026-06-20,21,53
2026-06-20,22,114
2026-06-20,23,128
2026-06-21,0,108
2026-06-21,1,206
2026-06-21,2,209
2026-06-21,3,189
2026-06-21,4,243
2026-06-21,5,16
2026-06-21,6,65
2026-06-21,7,92
2026-06-21,8,77
2026-06-21,9,65
2026-06-21,10,56
2026-06-21,11,51
2026-06-21,12,128
2026-06-21,13,51
2026-06-21,14,108
2026-06-21,15,59
2026-06-21,16,37
2026-06-21,17,106
2026-06-21,18,110
2026-06-21,19,150
2026-06-21,20,59
2026-06-21,21,61
2026-06-21,22,152
2026-06-21,23,90
2026-06-22,0,104
2026-06-22,1,103
2026-06-22,2,86
2026-06-22,3,75
2026-06-22,4,101
2026-06-22,5,302
2026-06-22,6,439
2026-06-22,7,479
2026-06-22,8,300
2026-06-22,9,460
2026-06-22,10,470
2026-06-22,11,374
2026-06-22,12,410
2026-06-22,13,414
2026-06-22,14,263
2026-06-22,15,298
2026-06-22,16,390
2026-06-22,17,263
2026-06-22,18,230
2026-06-22,19,234
2026-06-22,20,212
2026-06-22,21,208
2026-06-22,22,241
2026-06-22,23,316
2026-06-23,0,109
2026-06-23,1,79
2026-06-23,2,169
2026-06-23,3,234
2026-06-23,4,209
2026-06-23,5,524
2026-06-23,6,586
2026-06-23,7,781
2026-06-23,8,381
2026-06-23,9,644
2026-06-23,10,607
2026-06-23,11,395
2026-06-23,12,380
2026-06-23,13,416
2026-06-23,14,350
2026-06-23,15,323
2026-06-23,16,492
2026-06-23,17,296
2026-06-23,18,237
2026-06-23,19,184
2026-06-23,20,193
2026-06-23,21,189
2026-06-23,22,191
2026-06-23,23,220
2026-06-24,0,205
2026-06-24,1,206
2026-06-24,2,220
2026-06-24,3,374
2026-06-24,4,280
2026-06-24,5,461
2026-06-24,6,529
2026-06-24,7,367
2026-06-24,8,279
2026-06-24,9,554
2026-06-24,10,425
2026-06-24,11,270
2026-06-24,12,504
2026-06-24,13,471
2026-06-24,14,341
2026-06-24,15,542
2026-06-24,16,406
2026-06-24,17,301
2026-06-24,18,296
2026-06-24,19,248
2026-06-24,20,259
2026-06-24,21,253
2026-06-24,22,217
2026-06-24,23,181
2026-06-25,0,231
2026-06-25,1,317
2026-06-25,2,212
2026-06-25,3,294
2026-06-25,4,469
2026-06-25,5,820
2026-06-25,6,546
2026-06-25,7,281
2026-06-25,8,444
2026-06-25,9,534
2026-06-25,10,544
2026-06-25,11,454
2026-06-25,12,503
2026-06-25,13,677
2026-06-25,14,517
2026-06-25,15,416
2026-06-25,16,373
2026-06-25,17,316
2026-06-25,18,463
2026-06-25,19,381
2026-06-25,20,340
2026-06-25,21,153
2026-06-25,22,249
2026-06-25,23,290
2026-06-26,0,282
2026-06-26,1,288
2026-06-26,2,248
2026-06-26,3,261
2026-06-26,4,231
2026-06-26,5,99
2026-06-26,6,278
2026-06-26,7,259
2026-06-26,8,363
2026-06-26,9,521
2026-06-26,10,501
2026-06-26,11,343
2026-06-26,12,417
2026-06-26,13,562
2026-06-26,14,390
2026-06-26,15,431
2026-06-26,16,418
2026-06-26,17,223
2026-06-26,18,275
2026-06-26,19,224
2026-06-26,20,240
2026-06-26,21,136
2026-06-26,22,265
2026-06-26,23,234
2026-06-27,0,234
2026-06-27,1,297
2026-06-27,2,372
2026-06-27,3,213
2026-06-27,4,288
2026-06-27,5,321
2026-06-27,6,236
2026-06-27,7,158
2026-06-27,8,129
2026-06-27,9,164
2026-06-27,10,228
2026-06-27,11,118
2026-06-27,12,137
2026-06-27,13,184
2026-06-27,14,125
2026-06-27,15,137
2026-06-27,16,144
2026-06-27,17,16
2026-06-27,18,46
2026-06-27,19,67
2026-06-27,20,14
2026-06-27,21,44
2026-06-27,22,20
2026-06-27,23,2
2026-06-28,0,27
2026-06-28,1,39
2026-06-28,2,30
2026-06-28,3,3
2026-06-28,6,2
2026-06-28,7,27
2026-06-28,8,7
2026-06-28,9,2
2026-06-28,13,11
2026-06-28,14,9
2026-06-28,15,2
2026-06-28,19,2
2026-06-28,20,6
2026-06-28,21,4
2026-06-28,22,12
2026-06-28,23,1
2026-06-29,5,134
2026-06-29,6,345
2026-06-29,7,378
2026-06-29,8,306
2026-06-29,9,398
2026-06-29,10,298
2026-06-29,11,51
2026-06-29,12,168
2026-06-29,13,323
2026-06-29,14,361
2026-06-29,15,314
2026-06-29,16,246
2026-06-29,17,188
2026-06-29,18,103
2026-06-29,19,208
2026-06-29,20,222
2026-06-29,21,163
2026-06-29,22,235
2026-06-29,23,184
2026-06-30,0,228
2026-06-30,1,240
2026-06-30,2,164
2026-06-30,3,264
2026-06-30,4,207
2026-06-30,5,236
2026-06-30,6,498
2026-06-30,7,381
2026-06-30,8,316
2026-06-30,9,477
2026-06-30,10,296
2026-06-30,11,250
2026-06-30,12,374
2026-06-30,13,311
2026-06-30,14,267
2026-06-30,15,333
2026-06-30,16,271
2026-06-30,17,13
2026-06-30,18,292
2026-06-30,19,250
2026-06-30,20,209
2026-06-30,21,231
2026-06-30,22,334
2026-06-30,23,223
2026-07-01,0,288
2026-07-01,1,221
2026-07-01,2,133
2026-07-01,3,185
2026-07-01,4,156
2026-07-01,5,330
2026-07-01,6,267
2026-07-01,7,375
2026-07-01,8,286
2026-07-01,9,305
2026-07-01,10,294
2026-07-01,11,254
2026-07-01,12,386
2026-07-01,13,271
2026-07-01,14,2
2026-07-01,15,57
2026-07-01,16,22
2026-07-01,18,214
2026-07-01,19,229
2026-07-01,20,241
2026-07-01,21,281
2026-07-01,22,175
2026-07-01,23,149
2026-07-02,0,225
2026-07-02,1,253
2026-07-02,2,267
2026-07-02,3,326
2026-07-02,4,238
2026-07-02,5,414
2026-07-02,6,408
2026-07-02,7,256
2026-07-02,8,104
2026-07-02,9,236
2026-07-02,10,460
2026-07-02,11,304
2026-07-02,12,262
2026-07-02,13,221
2026-07-02,14,291
2026-07-02,15,348
2026-07-02,16,442
2026-07-02,17,137
2026-07-02,18,228
2026-07-02,19,190
2026-07-02,20,210
2026-07-02,21,289
2026-07-02,22,320
2026-07-02,23,305
2026-07-03,0,244
2026-07-03,1,270
2026-07-03,2,292
2026-07-03,3,261
2026-07-03,4,242
2026-07-03,5,203
2026-07-03,6,306
2026-07-03,7,271
2026-07-03,8,223
2026-07-03,9,378
2026-07-03,10,368
2026-07-03,11,300
2026-07-03,12,326
2026-07-03,13,326
2026-07-03,14,270
2026-07-03,15,402
2026-07-03,16,342
2026-07-03,17,103
2026-07-03,18,194
2026-07-03,19,161
2026-07-03,20,211
2026-07-03,21,134
2026-07-03,22,202
2026-07-03,23,237
2026-07-04,0,201
2026-07-04,1,225
2026-07-04,2,232
2026-07-04,3,173
2026-07-04,4,184
2026-07-04,5,157
2026-07-04,6,189
2026-07-04,7,238
2026-07-04,8,256
2026-07-04,9,253
2026-07-04,10,181
2026-07-04,11,155
2026-07-04,12,143
2026-07-04,13,252
2026-07-04,14,226
2026-07-04,15,176
2026-07-04,16,220
2026-07-04,17,207
2026-07-04,18,243
2026-07-04,19,184
2026-07-04,20,134
2026-07-04,21,139
2026-07-04,22,132
2026-07-04,23,41
2026-07-05,0,168
2026-07-05,1,211
2026-07-05,2,184
2026-07-05,3,129
2026-07-05,4,117
2026-07-05,5,253
2026-07-05,6,405
2026-07-05,7,332
2026-07-05,8,155
2026-07-05,9,225
2026-07-05,10,251
2026-07-05,11,207
2026-07-05,12,135
2026-07-05,13,230
2026-07-05,14,204
2026-07-05,15,177
2026-07-05,16,267
2026-07-05,17,82
2026-07-05,18,88
2026-07-05,19,57
2026-07-05,20,126
2026-07-05,21,74
2026-07-05,22,63
2026-07-05,23,90
2026-07-06,0,35
2026-07-06,1,65
2026-07-06,2,74
2026-07-06,3,42
2026-07-06,4,81
2026-07-06,5,299
2026-07-06,6,390
2026-07-06,7,385
2026-07-06,8,242
2026-07-06,9,286
2026-07-06,10,267
2026-07-06,11,304
2026-07-06,12,324
2026-07-06,13,313
2026-07-06,14,270
2026-07-06,15,341
2026-07-06,16,378
2026-07-06,17,183
2026-07-06,18,221
2026-07-06,19,148
2026-07-06,20,88
2026-07-06,21,150
2026-07-06,22,217
2026-07-06,23,215
2026-07-07,0,171
2026-07-07,1,219
2026-07-07,2,181
2026-07-07,3,169
2026-07-07,4,175
2026-07-07,5,121
2026-07-07,6,222
2026-07-07,7,291
2026-07-07,8,141
2026-07-07,9,298
2026-07-07,10,162
2026-07-07,11,183
2026-07-07,12,294
2026-07-07,13,218
2026-07-07,14,261
2026-07-07,15,239
2026-07-07,16,298
2026-07-07,17,125
2026-07-07,18,70
2026-07-07,19,175
2026-07-07,20,122
2026-07-07,21,112
2026-07-07,22,126
2026-07-07,23,69
2026-07-08,0,63
2026-07-08,1,113
2026-07-08,2,169
2026-07-08,3,268
2026-07-08,4,244
2026-07-08,5,166
2026-07-08,6,237
2026-07-08,7,260
2026-07-08,8,172
2026-07-08,9,238
2026-07-08,10,238
2026-07-08,11,230
2026-07-08,12,283
2026-07-08,13,321
2026-07-08,14,341
2026-07-08,15,291
2026-07-08,16,217
2026-07-08,17,65
2026-07-08,18,103
2026-07-08,19,66
2026-07-08,20,174
2026-07-08,21,102
2026-07-08,22,175
2026-07-08,23,332
2026-07-09,0,281
2026-07-09,1,298
2026-07-09,2,101
2026-07-09,3,35
2026-07-09,4,100
2026-07-09,5,240
2026-07-09,6,308
2026-07-09,7,343
2026-07-09,8,389
2026-07-09,9,367
2026-07-09,10,311
2026-07-09,11,236
2026-07-09,12,357
2026-07-09,13,446
2026-07-09,14,347
2026-07-09,15,235
2026-07-09,16,291
2026-07-09,17,80
2026-07-09,18,234
2026-07-09,19,260
2026-07-09,20,217
2026-07-09,21,167
2026-07-09,22,122
2026-07-09,23,49
2026-07-10,0,72
2026-07-10,1,143
2026-07-10,2,324
2026-07-10,3,109
2026-07-10,4,167
2026-07-10,5,198
2026-07-10,6,327
2026-07-10,7,258
2026-07-10,8,290
2026-07-10,9,224
2026-07-10,10,206
2026-07-10,11,178
2026-07-10,12,230
2026-07-10,13,242
2026-07-10,14,220
2026-07-10,15,229
2026-07-10,16,237
2026-07-10,17,168
2026-07-10,18,201
2026-07-10,19,170
2026-07-10,20,116
2026-07-10,21,190
2026-07-10,22,245
2026-07-10,23,149
2026-07-11,0,208
2026-07-11,1,193
2026-07-11,2,215
2026-07-11,3,201
2026-07-11,4,123
2026-07-11,5,177
2026-07-11,6,302
2026-07-11,7,298
2026-07-11,8,194
2026-07-11,9,352
2026-07-11,10,337
2026-07-11,11,159
2026-07-11,12,230
2026-07-11,13,271
2026-07-11,14,235
2026-07-11,15,240
2026-07-11,16,196
2026-07-11,17,243
2026-07-11,18,283
2026-07-11,19,259
2026-07-11,20,250
2026-07-11,21,236
2026-07-11,22,199
2026-07-11,23,276
2026-07-12,0,272
2026-07-12,1,283
2026-07-12,2,305
2026-07-12,3,344
2026-07-12,4,272
2026-07-12,5,78
2026-07-12,6,81
2026-07-12,7,117
2026-07-12,8,175
2026-07-12,9,228
2026-07-12,10,158
2026-07-12,11,102
2026-07-12,12,213
2026-07-12,13,185
2026-07-12,14,148
2026-07-12,15,184
2026-07-12,16,183
2026-07-12,17,79
2026-07-12,18,107
2026-07-12,19,91
2026-07-12,20,48
2026-07-12,21,111
2026-07-12,22,73
2026-07-12,23,74
2026-07-13,0,33
2026-07-13,1,47
2026-07-13,2,136
2026-07-13,3,123
2026-07-13,4,152
2026-07-13,5,256
2026-07-13,6,383
2026-07-13,7,300
2026-07-13,8,237
2026-07-13,9,243
2026-07-13,10,403
2026-07-13,11,395
2026-07-13,12,361
2026-07-13,13,503
2026-07-13,14,404
2026-07-13,15,322
2026-07-13,16,397
2026-07-13,17,415
2026-07-13,18,376
2026-07-13,19,361
2026-07-13,20,319
2026-07-13,21,289
2026-07-13,22,414
2026-07-13,23,291
2026-07-14,0,324
2026-07-14,1,279
2026-07-14,2,403
2026-07-14,3,247
2026-07-14,4,329
2026-07-14,5,239
2026-07-14,6,270
2026-07-14,7,196
2026-07-14,8,311
2026-07-14,9,186
2026-07-14,10,260
2026-07-14,11,317
2026-07-14,12,440
2026-07-14,13,419
2026-07-14,14,305
2026-07-14,15,269
2026-07-14,16,382
2026-07-14,17,332
2026-07-14,18,475
2026-07-14,19,352
2026-07-14,20,265
2026-07-14,21,331
2026-07-14,22,299
2026-07-14,23,337
2026-07-15,0,388
2026-07-15,1,349
2026-07-15,2,379
2026-07-15,3,281
2026-07-15,4,303
2026-07-15,5,127
2026-07-15,6,310
2026-07-15,7,151
2026-07-15,8,395
2026-07-15,9,340
2026-07-15,10,179
2026-07-15,11,286
2026-07-15,12,365
2026-07-15,13,255
2026-07-15,14,321
2026-07-15,15,532
2026-07-15,16,340
2026-07-15,17,225
2026-07-15,18,202
2026-07-15,19,261
2026-07-15,20,250
2026-07-15,21,235
2026-07-15,22,260
2026-07-15,23,249
2026-07-16,0,276
2026-07-16,1,244
2026-07-16,2,273
2026-07-16,3,392
2026-07-16,4,275
2026-07-16,5,323
2026-07-16,6,400
2026-07-16,7,392
2026-07-16,8,312
2026-07-16,9,355
2026-07-16,10,153
2026-07-16,11,233
2026-07-16,12,296
2026-07-16,13,402
2026-07-16,14,353
2026-07-16,15,391
2026-07-16,16,285
2026-07-16,17,259
2026-07-16,18,321
2026-07-16,19,288
2026-07-16,20,317
2026-07-16,21,253
2026-07-16,22,326
2026-07-16,23,353
2026-07-17,0,266
2026-07-17,1,392
2026-07-17,2,484
2026-07-17,3,542
2026-07-17,4,373
2026-07-17,5,373
