datum,hodina,joblines
2025-09-07,1,1
2025-09-07,5,305
2025-09-07,6,579
2025-09-07,7,355
2025-09-07,8,615
2025-09-07,9,363
2025-09-07,10,483
2025-09-07,11,429
2025-09-07,12,418
2025-09-07,13,464
2025-09-07,14,501
2025-09-07,15,594
2025-09-07,16,415
2025-09-08,5,436
2025-09-08,6,563
2025-09-08,7,512
2025-09-08,8,502
2025-09-08,9,530
2025-09-08,10,388
2025-09-08,11,493
2025-09-08,12,489
2025-09-08,13,418
2025-09-08,14,532
2025-09-08,15,438
2025-09-08,16,437
2025-09-08,20,5
2025-09-08,21,2
2025-09-08,23,1
2025-09-09,4,23
2025-09-09,5,467
2025-09-09,6,779
2025-09-09,7,595
2025-09-09,8,528
2025-09-09,9,689
2025-09-09,10,631
2025-09-09,11,528
2025-09-09,12,640
2025-09-09,13,570
2025-09-09,14,691
2025-09-09,15,569
2025-09-09,16,481
2025-09-09,19,2
2025-09-10,3,2
2025-09-10,4,1
2025-09-10,5,466
2025-09-10,6,640
2025-09-10,7,501
2025-09-10,8,561
2025-09-10,9,549
2025-09-10,10,710
2025-09-10,11,448
2025-09-10,12,598
2025-09-10,13,751
2025-09-10,14,549
2025-09-10,15,643
2025-09-10,16,506
2025-09-10,21,1
2025-09-10,23,2
2025-09-11,4,3
2025-09-11,5,549
2025-09-11,6,557
2025-09-11,7,454
2025-09-11,8,655
2025-09-11,9,588
2025-09-11,10,353
2025-09-11,11,538
2025-09-11,12,599
2025-09-11,13,415
2025-09-11,14,419
2025-09-11,15,565
2025-09-11,16,385
2025-09-11,17,2
2025-09-11,21,1
2025-09-11,23,1
2025-09-12,0,13
2025-09-12,5,478
2025-09-12,6,560
2025-09-12,7,573
2025-09-12,8,517
2025-09-12,9,533
2025-09-12,10,403
2025-09-12,11,500
2025-09-12,12,408
2025-09-12,13,504
2025-09-12,14,378
2025-09-12,15,583
2025-09-12,16,551
2025-09-12,17,20
2025-09-12,23,5
2025-09-13,6,18
2025-09-13,8,3
2025-09-13,9,3
2025-09-13,10,1
2025-09-13,11,1
2025-09-13,12,3
2025-09-14,4,15
2025-09-14,5,463
2025-09-14,6,670
2025-09-14,7,530
2025-09-14,8,552
2025-09-14,9,671
2025-09-14,10,382
2025-09-14,11,522
2025-09-14,12,431
2025-09-14,13,430
2025-09-14,14,393
2025-09-14,15,592
2025-09-14,16,543
2025-09-15,0,1
2025-09-15,1,1
2025-09-15,2,22
2025-09-15,4,10
2025-09-15,5,543
2025-09-15,6,720
2025-09-15,7,744
2025-09-15,8,756
2025-09-15,9,840
2025-09-15,10,579
2025-09-15,11,700
2025-09-15,12,615
2025-09-15,13,606
2025-09-15,14,439
2025-09-15,15,562
2025-09-15,16,343
2025-09-15,20,1
2025-09-16,4,13
2025-09-16,5,620
2025-09-16,6,631
2025-09-16,7,714
2025-09-16,8,551
2025-09-16,9,793
2025-09-16,10,623
2025-09-16,11,511
2025-09-16,12,571
2025-09-16,13,561
2025-09-16,14,525
2025-09-16,15,511
2025-09-16,16,581
2025-09-16,17,3
2025-09-16,21,1
2025-09-17,4,61
2025-09-17,5,726
2025-09-17,6,745
2025-09-17,7,677
2025-09-17,8,508
2025-09-17,9,702
2025-09-17,10,387
2025-09-17,11,616
2025-09-17,12,494
2025-09-17,13,377
2025-09-17,14,396
2025-09-17,15,475
2025-09-17,16,262
2025-09-17,22,1
2025-09-18,0,1
2025-09-18,4,12
2025-09-18,5,581
2025-09-18,6,669
2025-09-18,7,571
2025-09-18,8,567
2025-09-18,9,448
2025-09-18,10,445
2025-09-18,11,458
2025-09-18,12,529
2025-09-18,13,594
2025-09-18,14,382
2025-09-18,15,396
2025-09-18,16,250
2025-09-19,3,19
2025-09-19,5,346
2025-09-19,6,533
2025-09-19,7,316
2025-09-19,8,411
2025-09-19,9,346
2025-09-19,10,263
2025-09-19,11,336
2025-09-19,12,392
2025-09-19,13,348
2025-09-19,14,295
2025-09-19,15,423
2025-09-19,16,355
2025-09-20,7,2
2025-09-20,8,1
2025-09-20,9,5
2025-09-20,10,1
2025-09-20,12,1
2025-09-21,5,444
2025-09-21,6,715
2025-09-21,7,495
2025-09-21,8,391
2025-09-21,9,575
2025-09-21,10,520
2025-09-21,11,312
2025-09-21,12,443
2025-09-21,13,515
2025-09-21,14,304
2025-09-21,15,63
2025-09-21,16,9
2025-09-22,4,13
2025-09-22,5,200
2025-09-22,6,282
2025-09-22,7,361
2025-09-22,8,350
2025-09-22,9,266
2025-09-22,10,220
2025-09-22,11,201
2025-09-22,12,367
2025-09-22,13,329
2025-09-22,14,170
2025-09-22,15,238
2025-09-22,16,200
2025-09-23,4,11
2025-09-23,5,429
2025-09-23,6,535
2025-09-23,7,371
2025-09-23,8,329
2025-09-23,9,293
2025-09-23,10,274
2025-09-23,11,343
2025-09-23,12,226
2025-09-23,13,305
2025-09-23,14,305
2025-09-23,15,362
2025-09-23,16,121
2025-09-24,4,6
2025-09-24,5,385
2025-09-24,6,582
2025-09-24,7,446
2025-09-24,8,429
2025-09-24,9,276
2025-09-24,10,202
2025-09-24,11,262
2025-09-24,12,301
2025-09-24,13,336
2025-09-24,14,412
2025-09-24,15,338
2025-09-24,16,237
2025-09-24,17,6
2025-09-24,18,13
2025-09-25,5,390
2025-09-25,6,432
2025-09-25,7,100
2025-09-25,8,543
2025-09-25,9,426
2025-09-25,10,363
2025-09-25,11,347
2025-09-25,12,390
2025-09-25,13,491
2025-09-25,14,293
2025-09-25,15,473
2025-09-25,16,283
2025-09-25,17,28
2025-09-25,18,10
2025-09-25,22,1
2025-09-25,23,1
2025-09-26,4,51
2025-09-26,5,445
2025-09-26,6,603
2025-09-26,7,516
2025-09-26,8,514
2025-09-26,9,429
2025-09-26,10,220
2025-09-26,11,376
2025-09-26,12,218
2025-09-26,15,1
2025-09-26,16,8
2025-09-26,18,1
2025-09-26,19,9
2025-09-27,4,2
2025-09-27,7,5
2025-09-27,8,11
2025-09-27,9,5
2025-09-27,14,3
2025-09-27,15,1
2025-09-28,4,34
2025-09-28,5,375
2025-09-28,6,553
2025-09-28,7,483
2025-09-28,8,472
2025-09-28,9,439
2025-09-28,10,365
2025-09-28,11,473
2025-09-28,12,427
2025-09-28,13,455
2025-09-28,14,254
2025-09-28,15,538
2025-09-28,16,238
2025-09-29,4,3
2025-09-29,5,345
2025-09-29,6,459
2025-09-29,7,426
2025-09-29,8,491
2025-09-29,9,405
2025-09-29,10,348
2025-09-29,11,399
2025-09-29,12,456
2025-09-29,13,357
2025-09-29,14,183
2025-09-29,15,328
2025-09-29,16,218
2025-09-30,4,16
2025-09-30,5,414
2025-09-30,6,535
2025-09-30,7,544
2025-09-30,8,600
2025-09-30,9,501
2025-09-30,10,401
2025-09-30,11,477
2025-09-30,12,499
2025-09-30,13,496
2025-09-30,14,331
2025-09-30,15,408
2025-09-30,16,335
2025-09-30,17,43
2025-10-01,4,14
2025-10-01,5,700
2025-10-01,6,621
2025-10-01,7,512
2025-10-01,8,562
2025-10-01,9,387
2025-10-01,10,270
2025-10-01,11,494
2025-10-01,12,603
2025-10-01,13,484
2025-10-01,14,399
2025-10-01,15,384
2025-10-01,16,371
2025-10-02,4,57
2025-10-02,5,617
2025-10-02,6,571
2025-10-02,7,520
2025-10-02,8,504
2025-10-02,9,539
2025-10-02,10,418
2025-10-02,11,433
2025-10-02,12,321
2025-10-02,13,403
2025-10-02,14,277
2025-10-02,15,452
2025-10-02,16,249
2025-10-02,17,26
2025-10-02,18,5
2025-10-02,20,1
2025-10-03,1,1
2025-10-03,2,1
2025-10-03,4,27
2025-10-03,5,493
2025-10-03,6,592
2025-10-03,7,377
2025-10-03,8,406
2025-10-03,9,395
2025-10-03,10,236
2025-10-03,11,270
2025-10-03,12,21
2025-10-03,13,7
2025-10-03,14,8
2025-10-03,15,6
2025-10-03,16,1
2025-10-03,17,1
2025-10-03,18,1
2025-10-03,22,1
2025-10-04,9,2
2025-10-04,11,7
2025-10-04,12,4
2025-10-04,13,1
2025-10-04,14,4
2025-10-04,15,1
2025-10-04,17,3
2025-10-05,5,194
2025-10-05,6,661
2025-10-05,7,263
2025-10-05,8,146
2025-10-05,9,190
2025-10-05,10,277
2025-10-05,11,288
2025-10-05,12,356
2025-10-05,13,220
2025-10-05,14,159
2025-10-05,15,266
2025-10-05,16,178
2025-10-05,17,15
2025-10-05,18,14
2025-10-06,4,4
2025-10-06,5,128
2025-10-06,6,112
2025-10-06,7,352
2025-10-06,8,300
2025-10-06,9,310
2025-10-06,10,244
2025-10-06,11,349
2025-10-06,12,419
2025-10-06,13,368
2025-10-06,14,306
2025-10-06,15,391
2025-10-06,16,292
2025-10-07,1,2
2025-10-07,4,21
2025-10-07,5,360
2025-10-07,6,204
2025-10-07,7,403
2025-10-07,8,291
2025-10-07,9,248
2025-10-07,10,256
2025-10-07,11,212
2025-10-07,12,289
2025-10-07,13,230
2025-10-07,14,291
2025-10-07,15,309
2025-10-07,16,199
2025-10-08,4,20
2025-10-08,5,499
2025-10-08,6,544
2025-10-08,7,353
2025-10-08,8,494
2025-10-08,9,434
2025-10-08,10,419
2025-10-08,11,382
2025-10-08,12,489
2025-10-08,13,485
2025-10-08,14,341
2025-10-08,15,345
2025-10-08,16,312
2025-10-08,17,5
2025-10-09,4,24
2025-10-09,5,515
2025-10-09,6,512
2025-10-09,7,511
2025-10-09,8,448
2025-10-09,9,489
2025-10-09,10,424
2025-10-09,11,488
2025-10-09,12,527
2025-10-09,13,474
2025-10-09,14,312
2025-10-09,15,339
2025-10-09,16,324
2025-10-10,4,31
2025-10-10,5,521
2025-10-10,6,555
2025-10-10,7,484
2025-10-10,8,539
2025-10-10,9,469
2025-10-10,10,320
2025-10-10,11,299
2025-10-10,12,308
2025-10-10,13,201
2025-10-10,14,204
2025-10-10,16,1
2025-10-10,17,1
2025-10-10,18,24
2025-10-11,1,3
2025-10-11,5,2
2025-10-11,11,13
2025-10-11,12,1
2025-10-11,13,3
2025-10-11,14,1
2025-10-11,16,1
2025-10-12,4,30
2025-10-12,5,177
2025-10-12,6,205
2025-10-12,7,258
2025-10-12,8,469
2025-10-12,9,411
2025-10-12,10,438
2025-10-12,11,400
2025-10-12,12,372
2025-10-12,13,417
2025-10-12,14,295
2025-10-12,15,415
2025-10-12,16,262
2025-10-12,22,2
2025-10-13,2,2
2025-10-13,4,74
2025-10-13,5,557
2025-10-13,6,431
2025-10-13,7,360
2025-10-13,8,478
2025-10-13,9,450
2025-10-13,10,363
2025-10-13,11,448
2025-10-13,12,503
2025-10-13,13,439
2025-10-13,14,380
2025-10-13,15,412
2025-10-13,16,295
2025-10-13,20,2
2025-10-13,21,1
2025-10-14,1,3
2025-10-14,4,30
2025-10-14,5,486
2025-10-14,6,459
2025-10-14,7,443
2025-10-14,8,360
2025-10-14,9,436
2025-10-14,10,341
2025-10-14,11,403
2025-10-14,12,428
2025-10-14,13,366
2025-10-14,14,416
2025-10-14,15,478
2025-10-14,16,286
2025-10-15,4,12
2025-10-15,5,526
2025-10-15,6,282
2025-10-15,7,311
2025-10-15,8,387
2025-10-15,9,616
2025-10-15,10,407
2025-10-15,11,345
2025-10-15,12,411
2025-10-15,13,424
2025-10-15,14,405
2025-10-15,15,427
2025-10-15,16,270
2025-10-15,17,10
2025-10-16,2,1
2025-10-16,3,1
2025-10-16,6,1
2025-10-16,12,8
2025-10-16,13,9
2025-10-16,14,19
2025-10-16,15,12
2025-10-16,16,15
2025-10-17,4,1
2025-10-17,5,39
2025-10-17,6,105
2025-10-17,7,93
2025-10-17,8,110
2025-10-17,9,34
2025-10-17,10,70
2025-10-17,11,43
2025-10-17,12,51
2025-10-17,13,104
2025-10-17,14,93
2025-10-17,15,94
2025-10-17,16,51
2025-10-18,12,1
2025-10-19,4,26
2025-10-19,5,733
2025-10-19,6,588
2025-10-19,7,616
2025-10-19,8,577
2025-10-19,9,584
2025-10-19,10,355
2025-10-19,11,615
2025-10-19,12,498
2025-10-19,13,610
2025-10-19,14,443
2025-10-19,15,499
2025-10-19,16,250
2025-10-19,21,1
2025-10-20,3,1
2025-10-20,4,3
2025-10-21,4,57
2025-10-21,5,422
2025-10-21,6,489
2025-10-21,7,324
2025-10-21,8,436
2025-10-21,9,414
2025-10-21,10,347
2025-10-21,11,363
2025-10-21,12,481
2025-10-21,13,417
2025-10-21,14,305
2025-10-21,15,198
2025-10-21,16,178
2025-10-21,18,1
2025-10-22,1,2
2025-10-22,4,45
2025-10-22,5,491
2025-10-22,6,485
2025-10-22,7,415
2025-10-22,8,475
2025-10-22,9,490
2025-10-22,10,375
2025-10-22,11,441
2025-10-22,12,360
2025-10-22,13,397
2025-10-22,14,305
2025-10-22,15,333
2025-10-22,16,293
2025-10-22,20,1
2025-10-23,4,52
2025-10-23,5,610
2025-10-23,6,686
2025-10-23,7,603
2025-10-23,8,549
2025-10-23,9,600
2025-10-23,10,433
2025-10-23,11,499
2025-10-23,12,514
2025-10-23,13,587
2025-10-23,14,509
2025-10-23,15,516
2025-10-23,16,316
2025-10-24,1,2
2025-10-24,4,56
2025-10-24,5,528
2025-10-24,6,434
2025-10-24,7,516
2025-10-24,8,535
2025-10-24,9,409
2025-10-24,10,242
2025-10-24,11,412
2025-10-24,12,385
2025-10-24,13,385
2025-10-24,14,433
2025-10-24,15,333
2025-10-24,16,230
2025-10-24,19,1
2025-10-26,4,31
2025-10-26,5,316
2025-10-26,6,384
2025-10-26,7,292
2025-10-26,8,310
2025-10-26,9,189
2025-10-26,10,271
2025-10-26,11,304
2025-10-26,12,317
2025-10-26,13,368
2025-10-26,14,362
2025-10-26,15,305
2025-10-26,16,198
2025-10-27,3,1
2025-10-27,4,23
2025-10-27,5,389
2025-10-27,6,542
2025-10-27,7,308
2025-10-27,8,170
2025-10-27,9,380
2025-10-27,10,407
2025-10-27,11,506
2025-10-27,12,386
2025-10-27,13,501
2025-10-27,14,409
2025-10-27,15,310
2025-10-27,16,292
2025-10-28,4,22
2025-10-28,5,425
2025-10-28,6,526
2025-10-28,7,378
2025-10-28,8,568
2025-10-28,9,641
2025-10-28,10,343
2025-10-28,11,644
2025-10-28,12,321
2025-10-28,13,566
2025-10-28,14,486
2025-10-28,15,440
2025-10-28,16,319
2025-10-28,17,44
2025-10-28,18,39
2025-10-28,20,1
2025-10-29,4,3
2025-10-29,5,396
2025-10-29,6,541
2025-10-29,7,372
2025-10-29,8,387
2025-10-29,9,343
2025-10-29,10,294
2025-10-29,11,376
2025-10-29,12,402
2025-10-29,13,342
2025-10-29,14,441
2025-10-29,15,333
2025-10-29,16,348
2025-10-29,17,17
2025-10-29,18,1
2025-10-30,0,1
2025-10-30,1,3
2025-10-30,5,480
2025-10-30,6,510
2025-10-30,7,464
2025-10-30,8,562
2025-10-30,9,383
2025-10-30,10,408
2025-10-30,11,386
2025-10-30,12,351
2025-10-30,13,499
2025-10-30,14,459
2025-10-30,15,276
2025-10-30,16,214
2025-10-30,17,4
2025-10-31,1,2
2025-10-31,4,18
2025-10-31,5,427
2025-10-31,6,501
2025-10-31,7,451
2025-10-31,8,408
2025-10-31,9,314
2025-10-31,10,298
2025-10-31,11,389
2025-10-31,12,421
2025-10-31,13,415
2025-10-31,14,334
2025-10-31,15,269
2025-10-31,16,225
2025-11-01,12,2
2025-11-02,4,22
2025-11-02,5,524
2025-11-02,6,554
2025-11-02,7,509
2025-11-02,8,508
2025-11-02,9,462
2025-11-02,10,364
2025-11-02,11,441
2025-11-02,12,403
2025-11-02,13,432
2025-11-02,14,501
2025-11-02,15,422
2025-11-02,16,343
2025-11-03,4,8
2025-11-03,5,461
2025-11-03,6,831
2025-11-03,7,682
2025-11-03,8,747
2025-11-03,9,653
2025-11-03,10,336
2025-11-03,11,536
2025-11-03,12,589
2025-11-03,13,557
2025-11-03,14,528
2025-11-03,15,469
2025-11-03,16,298
2025-11-03,17,55
2025-11-03,18,12
2025-11-04,4,23
2025-11-04,5,635
2025-11-04,6,601
2025-11-04,7,507
2025-11-04,8,568
2025-11-04,9,627
2025-11-04,10,359
2025-11-04,11,531
2025-11-04,12,528
2025-11-04,13,601
2025-11-04,14,550
2025-11-04,15,380
2025-11-04,16,419
2025-11-05,4,59
2025-11-05,5,656
2025-11-05,6,578
2025-11-05,7,540
2025-11-05,8,552
2025-11-05,9,535
2025-11-05,10,361
2025-11-05,11,327
2025-11-05,12,421
2025-11-05,13,508
2025-11-05,14,496
2025-11-05,15,401
2025-11-05,16,264
2025-11-06,4,14
2025-11-06,5,380
2025-11-06,6,426
2025-11-06,7,479
2025-11-06,8,456
2025-11-06,9,432
2025-11-06,10,466
2025-11-06,11,317
2025-11-06,12,364
2025-11-06,13,428
2025-11-06,14,388
2025-11-06,15,393
2025-11-06,16,181
2025-11-06,18,1
2025-11-07,2,5
2025-11-07,4,19
2025-11-07,5,580
2025-11-07,6,594
2025-11-07,7,546
2025-11-07,8,659
2025-11-07,9,434
2025-11-07,10,305
2025-11-07,11,335
2025-11-07,12,340
2025-11-07,13,363
2025-11-07,14,302
2025-11-07,15,264
2025-11-07,16,216
2025-11-07,20,1
2025-11-08,5,20
2025-11-08,6,3
2025-11-08,9,2
2025-11-08,20,1
2025-11-08,21,1
2025-11-09,4,3
2025-11-09,5,222
2025-11-09,6,423
2025-11-09,7,158
2025-11-09,8,256
2025-11-09,9,479
2025-11-09,10,361
2025-11-09,11,322
2025-11-09,12,416
2025-11-09,13,420
2025-11-09,14,331
2025-11-09,15,337
2025-11-09,16,307
2025-11-09,17,1
2025-11-10,0,3
2025-11-10,4,15
2025-11-10,5,418
2025-11-10,6,490
2025-11-10,7,446
2025-11-10,8,651
2025-11-10,9,596
2025-11-10,10,380
2025-11-10,11,396
2025-11-10,12,661
2025-11-10,13,491
2025-11-10,14,537
2025-11-10,15,860
2025-11-10,16,419
2025-11-10,19,1
2025-11-10,21,2
2025-11-10,23,2
2025-11-11,3,1
2025-11-11,4,18
2025-11-11,5,571
2025-11-11,6,653
2025-11-11,7,419
2025-11-11,8,672
2025-11-11,9,655
2025-11-11,10,356
2025-11-11,11,477
2025-11-11,12,518
2025-11-11,13,539
2025-11-11,14,533
2025-11-11,15,560
2025-11-11,16,346
2025-11-11,18,1
2025-11-12,0,2
2025-11-12,1,1
2025-11-12,4,26
2025-11-12,5,751
2025-11-12,6,598
2025-11-12,7,592
2025-11-12,8,799
2025-11-12,9,725
2025-11-12,10,384
2025-11-12,11,469
2025-11-12,12,413
2025-11-12,13,919
2025-11-12,14,571
2025-11-12,15,545
2025-11-12,16,487
2025-11-12,17,2
2025-11-12,18,1
2025-11-13,4,31
2025-11-13,5,705
2025-11-13,6,834
2025-11-13,7,617
2025-11-13,8,874
2025-11-13,9,157
2025-11-13,10,283
2025-11-13,11,674
2025-11-13,12,722
2025-11-13,13,1019
2025-11-13,14,783
2025-11-13,15,1036
2025-11-13,16,1281
2025-11-13,17,1
2025-11-13,23,1
2025-11-14,0,1
2025-11-14,4,79
2025-11-14,5,652
2025-11-14,6,723
2025-11-14,7,624
2025-11-14,8,827
2025-11-14,9,705
2025-11-14,10,511
2025-11-14,11,654
2025-11-14,12,791
2025-11-14,13,893
2025-11-14,14,655
2025-11-14,15,480
2025-11-14,16,239
2025-11-14,19,4
2025-11-15,0,4
2025-11-15,2,3
2025-11-15,9,2
2025-11-15,10,2
2025-11-15,11,1
2025-11-15,13,1
2025-11-15,14,1
2025-11-15,17,1
2025-11-15,18,1
2025-11-15,20,3
2025-11-16,4,19
2025-11-16,5,856
2025-11-16,6,962
2025-11-16,7,898
2025-11-16,8,792
2025-11-16,9,873
2025-11-16,10,649
2025-11-16,11,628
2025-11-16,12,823
2025-11-16,13,772
2025-11-16,14,585
2025-11-16,15,534
2025-11-16,16,420
2025-11-16,22,4
2025-11-17,2,2
2025-11-17,4,43
2025-11-17,5,729
2025-11-17,6,671
2025-11-17,7,519
2025-11-17,8,453
2025-11-17,9,465
2025-11-17,10,667
2025-11-17,11,609
2025-11-17,12,836
2025-11-17,13,844
2025-11-17,14,731
2025-11-17,15,590
2025-11-17,16,282
2025-11-18,4,51
2025-11-18,5,775
2025-11-18,6,607
2025-11-18,7,355
2025-11-18,8,142
2025-11-18,9,528
2025-11-18,10,601
2025-11-18,11,282
2025-11-18,12,710
2025-11-18,13,736
2025-11-18,14,652
2025-11-18,15,154
2025-11-18,16,211
2025-11-19,0,1
2025-11-19,4,23
2025-11-19,5,544
2025-11-19,6,631
2025-11-19,7,328
2025-11-19,8,656
2025-11-19,9,584
2025-11-19,10,654
2025-11-19,11,521
2025-11-19,12,870
2025-11-19,13,591
2025-11-19,14,486
2025-11-19,15,437
2025-11-19,16,111
2025-11-19,21,6
2025-11-19,22,1
2025-11-20,1,1
2025-11-20,3,1
2025-11-20,4,49
2025-11-20,5,657
2025-11-20,6,681
2025-11-20,7,481
2025-11-20,8,510
2025-11-20,9,546
2025-11-20,10,457
2025-11-20,11,402
2025-11-20,12,531
2025-11-20,13,552
2025-11-20,14,496
2025-11-20,15,598
2025-11-20,16,396
2025-11-20,17,8
2025-11-23,4,24
2025-11-23,5,691
2025-11-23,6,770
2025-11-23,7,440
2025-11-23,8,622
2025-11-23,9,129
2025-11-23,10,191
2025-11-23,11,333
2025-11-23,12,420
2025-11-23,13,423
2025-11-23,14,361
2025-11-23,15,354
2025-11-23,16,285
2025-11-23,18,1
2025-11-23,23,1
2025-11-24,4,27
2025-11-24,5,266
2025-11-24,6,230
2025-11-24,7,92
2025-11-24,8,305
2025-11-24,9,253
2025-11-24,10,398
2025-11-24,11,200
2025-11-24,12,421
2025-11-24,13,434
2025-11-24,14,283
2025-11-24,15,341
2025-11-24,16,238
2025-11-24,20,1
2025-11-25,4,31
2025-11-25,5,477
2025-11-25,6,478
2025-11-25,7,110
2025-11-25,8,275
2025-11-25,9,462
2025-11-25,10,407
2025-11-25,11,469
2025-11-25,12,613
2025-11-25,13,518
2025-11-25,14,407
2025-11-25,15,272
2025-11-25,16,125
2025-11-26,5,81
2025-11-26,6,443
2025-11-26,7,358
2025-11-26,8,357
2025-11-26,9,342
2025-11-26,10,274
2025-11-26,11,367
2025-11-26,12,385
2025-11-26,13,442
2025-11-26,14,499
2025-11-26,15,624
2025-11-26,16,346
2025-11-26,17,1
2025-11-27,1,2
2025-11-27,4,38
2025-11-27,5,394
2025-11-27,6,505
2025-11-27,7,284
2025-11-27,8,470
2025-11-27,9,451
2025-11-27,10,245
2025-11-27,11,436
2025-11-27,12,561
2025-11-27,13,436
2025-11-27,14,380
2025-11-27,15,416
2025-11-27,16,241
2025-11-29,2,2
2025-11-29,6,9
2025-11-29,7,1
2025-11-29,18,2
2025-11-29,20,1
2025-11-29,23,1
2025-11-30,0,1
2025-11-30,4,1
2025-11-30,5,352
2025-11-30,6,320
2025-11-30,7,270
2025-11-30,8,245
2025-11-30,9,188
2025-11-30,10,120
2025-11-30,11,174
2025-11-30,12,229
2025-11-30,13,187
2025-11-30,14,183
2025-11-30,15,174
2025-11-30,16,133
2025-12-01,4,17
2025-12-01,5,248
2025-12-01,6,249
2025-12-01,7,124
2025-12-01,8,278
2025-12-01,9,349
2025-12-01,10,179
2025-12-01,11,255
2025-12-01,12,297
2025-12-01,13,347
2025-12-01,14,307
2025-12-01,15,347
2025-12-01,16,208
2025-12-02,0,1
2025-12-02,1,1
2025-12-02,2,1
2025-12-02,4,15
2025-12-02,5,485
2025-12-02,6,536
2025-12-02,7,413
2025-12-02,8,488
2025-12-02,9,548
2025-12-02,10,425
2025-12-02,11,343
2025-12-02,12,463
2025-12-02,13,484
2025-12-02,14,482
2025-12-02,15,369
2025-12-02,16,228
2025-12-03,4,29
2025-12-03,5,337
2025-12-03,6,251
2025-12-03,7,146
2025-12-03,8,352
2025-12-03,9,545
2025-12-03,10,379
2025-12-03,11,372
2025-12-03,12,568
2025-12-03,13,420
2025-12-03,14,324
2025-12-03,15,425
2025-12-03,16,230
2025-12-04,0,1
2025-12-04,2,1
2025-12-04,4,13
2025-12-04,5,371
2025-12-04,6,341
2025-12-04,7,139
2025-12-04,8,382
2025-12-04,9,448
2025-12-04,10,286
2025-12-04,11,311
2025-12-04,12,505
2025-12-04,13,379
2025-12-04,14,188
2025-12-04,15,86
2025-12-04,16,101
2025-12-05,2,1
2025-12-05,14,7
2025-12-07,4,9
2025-12-07,5,335
2025-12-07,6,263
2025-12-07,7,143
2025-12-07,8,193
2025-12-07,9,220
2025-12-07,10,214
2025-12-07,11,215
2025-12-07,12,332
2025-12-07,13,383
2025-12-07,14,336
2025-12-07,15,251
2025-12-07,16,123
2025-12-08,2,1
2025-12-08,4,7
2025-12-08,5,269
2025-12-08,6,303
2025-12-08,7,252
2025-12-08,8,233
2025-12-08,9,199
2025-12-08,10,130
2025-12-08,11,186
2025-12-08,12,206
2025-12-08,13,212
2025-12-08,14,162
2025-12-08,15,134
2025-12-08,16,96
2025-12-08,22,1
2025-12-09,4,14
2025-12-09,5,484
2025-12-09,6,483
2025-12-09,7,307
2025-12-09,8,424
2025-12-09,9,397
2025-12-09,10,243
2025-12-09,11,225
2025-12-09,12,393
2025-12-09,13,313
2025-12-09,14,437
2025-12-09,15,359
2025-12-09,16,354
2025-12-10,1,1
2025-12-10,4,5
2025-12-10,5,472
2025-12-10,6,461
2025-12-10,7,406
2025-12-10,8,575
2025-12-10,9,483
2025-12-10,10,285
2025-12-10,11,424
2025-12-10,12,423
2025-12-10,13,432
2025-12-10,14,361
2025-12-10,15,357
2025-12-10,16,225
2025-12-10,17,6
2025-12-31,1,1
2026-01-01,5,232
2026-01-01,6,74
2026-01-01,7,1
2026-01-01,8,105
2026-01-01,9,257
2026-01-01,10,139
2026-01-01,11,204
2026-01-01,12,278
2026-01-01,13,300
2026-01-01,14,338
2026-01-01,15,243
2026-01-01,16,216
2026-01-01,22,1
2026-01-02,3,4
2026-01-02,5,1
2026-01-02,7,18
2026-01-02,8,30
2026-01-02,9,18
2026-01-02,10,85
2026-01-02,14,30
2026-01-02,15,19
2026-01-02,16,24
2026-01-03,9,4
2026-01-03,15,10
2026-01-04,5,274
2026-01-04,6,271
2026-01-04,7,158
2026-01-04,8,204
2026-01-04,9,263
2026-01-04,10,267
2026-01-04,11,135
2026-01-04,12,239
2026-01-04,13,247
2026-01-04,14,201
2026-01-04,15,192
2026-01-04,16,188
2026-01-06,5,363
2026-01-06,6,461
2026-01-06,7,402
2026-01-06,8,395
2026-01-06,9,427
2026-01-06,10,449
2026-01-06,11,272
2026-01-06,12,468
2026-01-06,13,445
2026-01-06,14,250
2026-01-06,15,73
2026-01-06,16,154
2026-01-06,17,25
2026-01-07,4,3
2026-01-07,5,234
2026-01-07,6,106
2026-01-07,7,274
2026-01-07,8,298
2026-01-07,9,361
2026-01-07,10,307
2026-01-07,11,138
2026-01-07,12,462
2026-01-07,13,328
2026-01-07,14,196
2026-01-07,15,289
2026-01-07,16,188
2026-01-08,1,1
2026-01-08,3,1
2026-01-08,4,134
2026-01-08,5,434
2026-01-08,6,624
2026-01-08,7,410
2026-01-08,8,319
2026-01-08,9,455
2026-01-08,10,301
2026-01-08,11,223
2026-01-08,12,340
2026-01-08,13,367
2026-01-08,14,323
2026-01-08,15,368
2026-01-08,16,269
2026-01-08,17,11
2026-01-09,1,1
2026-01-09,6,1
2026-01-11,5,249
2026-01-11,6,515
2026-01-11,7,354
2026-01-11,8,332
2026-01-11,9,208
2026-01-11,10,240
2026-01-11,11,135
2026-01-11,12,276
2026-01-11,13,208
2026-01-11,14,278
2026-01-11,15,195
2026-01-11,16,146
2026-01-11,17,1
2026-01-11,19,1
2026-01-12,2,1
2026-01-12,5,336
2026-01-12,6,579
2026-01-12,7,444
2026-01-12,8,609
2026-01-12,9,506
2026-01-12,10,358
2026-01-12,11,351
2026-01-12,12,470
2026-01-12,13,436
2026-01-12,14,505
2026-01-12,15,501
2026-01-12,16,297
2026-01-12,17,11
2026-01-13,2,1
2026-01-13,4,1
2026-01-13,5,526
2026-01-13,6,518
2026-01-13,7,448
2026-01-13,8,591
2026-01-13,9,579
2026-01-13,10,498
2026-01-13,11,403
2026-01-13,12,465
2026-01-13,13,518
2026-01-13,14,537
2026-01-13,15,485
2026-01-13,16,322
2026-01-13,17,3
2026-01-14,4,15
2026-01-14,5,629
2026-01-14,6,717
2026-01-14,7,597
2026-01-14,8,614
2026-01-14,9,635
2026-01-14,10,363
2026-01-14,11,295
2026-01-14,12,517
2026-01-14,13,661
2026-01-14,14,589
2026-01-14,15,503
2026-01-14,16,448
2026-01-14,22,1
2026-01-14,23,1
2026-01-15,1,1
2026-01-15,4,22
2026-01-15,5,442
2026-01-15,6,828
2026-01-15,7,795
2026-01-15,8,503
2026-01-15,9,514
2026-01-15,10,454
2026-01-15,11,451
2026-01-15,12,489
2026-01-15,13,121
2026-01-15,15,560
2026-01-15,16,500
2026-01-15,17,5
2026-01-15,23,1
2026-01-16,1,2
2026-01-16,4,18
2026-01-16,5,488
2026-01-16,6,558
2026-01-16,7,363
2026-01-16,8,554
2026-01-16,9,395
2026-01-16,10,227
2026-01-16,11,251
2026-01-16,12,420
2026-01-16,13,289
2026-01-16,14,262
2026-01-16,15,333
2026-01-16,16,182
2026-01-16,21,2
2026-01-17,1,3
2026-01-17,2,2
2026-01-17,9,2
2026-01-17,14,1
2026-01-17,16,1
2026-01-18,4,8
2026-01-18,5,475
2026-01-18,6,414
2026-01-18,7,321
2026-01-18,8,396
2026-01-18,9,482
2026-01-18,10,630
2026-01-18,11,468
2026-01-18,12,417
2026-01-18,13,487
2026-01-18,14,428
2026-01-18,15,463
2026-01-18,16,357
2026-01-18,17,5
2026-01-18,18,21
2026-01-18,19,15
2026-01-18,20,55
2026-01-18,21,91
2026-01-18,22,76
2026-01-18,23,43
2026-01-19,0,53
2026-01-19,1,105
2026-01-19,2,90
2026-01-19,3,128
2026-01-19,4,109
2026-01-19,5,316
2026-01-19,6,321
2026-01-19,7,295
2026-01-19,8,355
2026-01-19,9,335
2026-01-19,10,345
2026-01-19,11,414
2026-01-19,12,409
2026-01-19,13,369
2026-01-19,14,402
2026-01-19,15,385
2026-01-19,16,331
2026-01-19,17,106
2026-01-19,18,179
2026-01-19,19,109
2026-01-19,20,147
2026-01-19,21,125
2026-01-19,22,158
2026-01-19,23,113
2026-01-20,0,75
2026-01-20,1,202
2026-01-20,2,154
2026-01-20,3,242
2026-01-20,4,203
2026-01-20,5,394
2026-01-20,6,485
2026-01-20,7,300
2026-01-20,8,338
2026-01-20,9,398
2026-01-20,10,303
2026-01-20,11,153
2026-01-20,12,284
2026-01-20,13,351
2026-01-20,14,275
2026-01-20,15,194
2026-01-20,16,169
2026-01-20,17,138
2026-01-20,18,136
2026-01-20,19,91
2026-01-20,20,169
2026-01-20,21,149
2026-01-20,22,167
2026-01-20,23,101
2026-01-21,0,112
2026-01-21,1,168
2026-01-21,2,152
2026-01-21,3,205
2026-01-21,4,139
2026-01-21,5,253
2026-01-21,6,353
2026-01-21,7,292
2026-01-21,8,382
2026-01-21,9,441
2026-01-21,10,381
2026-01-21,11,221
2026-01-21,12,336
2026-01-21,13,352
2026-01-21,14,276
2026-01-21,15,321
2026-01-21,16,242
2026-01-21,17,242
2026-01-21,18,103
2026-01-21,19,83
2026-01-21,20,169
2026-01-21,21,160
2026-01-21,22,121
2026-01-21,23,157
2026-01-22,0,156
2026-01-22,1,220
2026-01-22,2,86
2026-01-22,3,219
2026-01-22,4,155
2026-01-22,5,473
2026-01-22,6,343
2026-01-22,7,440
2026-01-22,8,479
2026-01-22,9,405
2026-01-22,10,395
2026-01-22,11,266
2026-01-22,12,352
2026-01-22,13,317
2026-01-22,14,399
2026-01-22,15,478
2026-01-22,16,253
2026-01-22,17,187
2026-01-22,18,234
2026-01-22,19,101
2026-01-22,20,282
2026-01-22,21,174
2026-01-22,22,192
2026-01-22,23,310
2026-01-23,0,271
2026-01-23,1,238
2026-01-23,2,174
2026-01-23,3,261
2026-01-23,4,243
2026-01-23,5,216
2026-01-23,6,184
2026-01-23,7,169
2026-01-23,8,159
2026-01-23,9,244
2026-01-23,10,325
2026-01-23,11,222
2026-01-23,13,94
2026-01-23,15,1
2026-01-23,16,41
2026-01-23,17,7
2026-01-23,21,1
2026-01-24,4,1
2026-01-24,8,13
2026-01-24,9,17
2026-01-24,10,46
2026-01-24,11,37
2026-01-24,12,39
2026-01-24,14,63
2026-01-24,16,28
2026-01-24,17,16
2026-01-25,2,5
2026-01-25,5,253
2026-01-25,6,285
2026-01-25,7,294
2026-01-25,8,414
2026-01-25,9,333
2026-01-25,10,440
2026-01-25,11,220
2026-01-25,12,408
2026-01-25,13,347
2026-01-25,14,325
2026-01-25,15,305
2026-01-25,16,192
2026-01-25,17,144
2026-01-25,18,170
2026-01-25,19,190
2026-01-25,20,145
2026-01-25,21,76
2026-01-25,22,67
2026-01-25,23,87
2026-01-26,0,41
2026-01-26,1,40
2026-01-26,2,175
2026-01-26,3,79
2026-01-26,4,59
2026-01-26,5,243
2026-01-26,6,365
2026-01-26,7,274
2026-01-26,8,300
2026-01-26,9,361
2026-01-26,10,479
2026-01-26,11,228
2026-01-26,12,406
2026-01-26,13,517
2026-01-26,14,325
2026-01-26,15,557
2026-01-26,16,297
2026-01-26,17,171
2026-01-26,18,234
2026-01-26,19,158
2026-01-26,20,224
2026-01-26,21,215
2026-01-26,22,200
2026-01-26,23,204
2026-01-27,0,149
2026-01-27,1,242
2026-01-27,2,223
2026-01-27,3,248
2026-01-27,4,178
2026-01-27,5,200
2026-01-27,6,299
2026-01-27,7,259
2026-01-27,8,335
2026-01-27,9,299
2026-01-27,10,443
2026-01-27,11,123
2026-01-27,12,298
2026-01-27,13,348
2026-01-27,14,277
2026-01-27,15,347
2026-01-27,16,267
2026-01-27,17,225
2026-01-27,18,264
2026-01-27,19,182
2026-01-27,20,199
2026-01-27,21,179
2026-01-27,22,150
2026-01-27,23,170
2026-01-28,0,86
2026-01-28,1,239
2026-01-28,2,171
2026-01-28,3,75
2026-01-28,4,81
2026-01-28,5,253
2026-01-28,6,367
2026-01-28,7,284
2026-01-28,8,381
2026-01-28,9,429
2026-01-28,10,384
2026-01-28,11,116
2026-01-28,12,343
2026-01-28,13,331
2026-01-28,14,222
2026-01-28,15,394
2026-01-28,16,275
2026-01-28,17,133
2026-01-28,18,122
2026-01-28,19,148
2026-01-28,20,192
2026-01-28,21,142
2026-01-28,22,147
2026-01-28,23,22
2026-01-29,0,164
2026-01-29,1,175
2026-01-29,2,122
2026-01-29,3,246
2026-01-29,4,119
2026-01-29,5,247
2026-01-29,6,292
2026-01-29,7,202
2026-01-29,8,270
2026-01-29,9,258
2026-01-29,10,289
2026-01-29,11,187
2026-01-29,12,196
2026-01-29,13,284
2026-01-29,14,417
2026-01-29,15,125
2026-01-29,16,261
2026-01-29,17,148
2026-01-29,18,153
2026-01-29,19,118
2026-01-29,20,156
2026-01-29,21,202
2026-01-29,22,151
2026-01-29,23,196
2026-01-30,0,146
2026-01-30,1,204
2026-01-30,2,117
2026-01-30,3,169
2026-01-30,4,136
2026-01-30,5,246
2026-01-30,6,258
2026-01-30,7,182
2026-01-30,8,237
2026-01-30,9,216
2026-01-30,10,134
2026-01-30,12,10
2026-01-30,14,2
2026-01-30,15,1
2026-01-30,16,63
2026-01-31,0,1
2026-01-31,1,1
2026-01-31,3,1
2026-01-31,4,8
2026-01-31,5,1
2026-01-31,6,44
2026-01-31,7,85
2026-01-31,8,28
2026-01-31,9,5
2026-01-31,11,66
2026-01-31,12,80
2026-02-01,1,1
2026-02-01,4,1
2026-02-01,5,96
2026-02-01,6,249
2026-02-01,7,252
2026-02-01,8,269
2026-02-01,9,400
2026-02-01,10,341
2026-02-01,11,196
2026-02-01,12,165
2026-02-01,13,214
2026-02-01,14,256
2026-02-01,15,235
2026-02-01,16,154
2026-02-01,17,66
2026-02-01,18,73
2026-02-01,19,84
2026-02-01,20,56
2026-02-01,21,43
2026-02-01,22,93
2026-02-01,23,79
2026-02-02,0,19
2026-02-02,1,6
2026-02-02,3,11
2026-02-02,5,242
2026-02-02,6,281
2026-02-02,7,225
2026-02-02,8,188
2026-02-02,9,323
2026-02-02,10,324
2026-02-02,11,256
2026-02-02,12,391
2026-02-02,13,277
2026-02-02,14,222
2026-02-02,15,312
2026-02-02,16,143
2026-02-02,17,79
2026-02-02,18,80
2026-02-02,19,52
2026-02-02,20,102
2026-02-02,21,99
2026-02-02,22,93
2026-02-02,23,46
2026-02-03,0,33
2026-02-03,1,110
2026-02-03,2,107
2026-02-03,3,44
2026-02-03,4,34
2026-02-03,5,250
2026-02-03,6,385
2026-02-03,7,129
2026-02-03,8,260
2026-02-03,9,277
2026-02-03,10,317
2026-02-03,11,290
2026-02-03,12,372
2026-02-03,13,398
2026-02-03,14,268
2026-02-03,15,291
2026-02-03,16,143
2026-02-03,17,81
2026-02-03,18,137
2026-02-03,19,105
2026-02-03,20,116
2026-02-03,21,119
2026-02-03,22,87
2026-02-03,23,138
2026-02-04,0,116
2026-02-04,1,70
2026-02-04,2,88
2026-02-04,3,122
2026-02-04,4,89
2026-02-04,5,123
2026-02-04,6,169
2026-02-04,7,315
2026-02-04,8,265
2026-02-04,9,271
2026-02-04,10,249
2026-02-04,11,217
2026-02-04,12,193
2026-02-04,13,231
2026-02-04,14,204
2026-02-04,15,118
2026-02-04,16,200
2026-02-04,17,63
2026-02-04,18,107
2026-02-04,19,110
2026-02-04,20,82
2026-02-04,21,156
2026-02-04,22,109
2026-02-04,23,149
2026-02-05,0,64
2026-02-05,1,132
2026-02-05,2,154
2026-02-05,3,185
2026-02-05,4,112
2026-02-05,5,331
2026-02-05,6,319
2026-02-05,7,310
2026-02-05,8,255
2026-02-05,9,244
2026-02-05,10,329
2026-02-05,11,168
2026-02-05,12,360
2026-02-05,13,272
2026-02-05,14,226
2026-02-05,15,164
2026-02-05,16,196
2026-02-05,17,141
2026-02-05,18,142
2026-02-05,19,138
2026-02-05,20,100
2026-02-05,21,97
2026-02-05,22,65
2026-02-05,23,117
2026-02-06,0,89
2026-02-06,1,128
2026-02-06,2,99
2026-02-06,3,96
2026-02-06,4,142
2026-02-06,5,1
2026-02-06,6,2
2026-02-06,7,2
2026-02-06,10,1
2026-02-07,4,1
2026-02-07,6,59
2026-02-07,7,19
2026-02-07,9,6
2026-02-07,10,43
2026-02-07,11,16
2026-02-08,4,25
2026-02-08,5,496
2026-02-08,6,523
2026-02-08,7,529
2026-02-08,8,497
2026-02-08,9,486
2026-02-08,10,478
2026-02-08,11,549
2026-02-08,12,337
2026-02-08,13,431
2026-02-08,14,305
2026-02-08,15,132
2026-02-08,16,26
2026-02-08,18,1
2026-02-09,2,3
2026-02-09,3,1
2026-02-09,4,3
2026-02-09,5,133
2026-02-09,6,171
2026-02-09,7,82
2026-02-09,8,284
2026-02-09,9,199
2026-02-09,10,196
2026-02-09,11,177
2026-02-09,12,336
2026-02-09,13,452
2026-02-09,14,422
2026-02-09,15,249
2026-02-09,16,192
2026-02-09,17,121
2026-02-09,18,152
2026-02-09,19,68
2026-02-09,20,119
2026-02-09,21,110
2026-02-09,22,89
2026-02-09,23,127
2026-02-10,0,76
2026-02-10,1,104
2026-02-10,2,156
2026-02-10,3,117
2026-02-10,4,131
2026-02-10,5,191
2026-02-10,6,282
2026-02-10,7,253
2026-02-10,8,249
2026-02-10,9,239
2026-02-10,10,300
2026-02-10,11,261
2026-02-10,12,239
2026-02-10,13,333
2026-02-10,14,219
2026-02-10,15,239
2026-02-10,16,270
2026-02-10,17,72
2026-02-10,18,95
2026-02-10,19,34
2026-02-10,20,116
2026-02-10,21,75
2026-02-10,22,54
2026-02-10,23,89
2026-02-11,0,40
2026-02-11,1,62
2026-02-11,2,56
2026-02-11,3,1
2026-02-11,4,3
2026-02-11,5,212
2026-02-11,6,164
2026-02-11,7,327
2026-02-11,8,405
2026-02-11,9,407
2026-02-11,10,576
2026-02-11,11,248
2026-02-11,12,364
2026-02-11,13,503
2026-02-11,14,319
2026-02-11,15,325
2026-02-11,16,292
2026-02-11,17,104
2026-02-11,18,159
2026-02-11,19,104
2026-02-11,20,141
2026-02-11,21,97
2026-02-11,22,129
2026-02-11,23,135
2026-02-12,0,38
2026-02-12,1,110
2026-02-12,2,171
2026-02-12,3,116
2026-02-12,4,74
2026-02-12,5,367
2026-02-12,6,422
2026-02-12,7,298
2026-02-12,8,460
2026-02-12,9,421
2026-02-12,10,396
2026-02-12,11,281
2026-02-12,12,477
2026-02-12,13,366
2026-02-12,14,201
2026-02-12,15,217
2026-02-12,16,163
2026-02-12,17,35
2026-02-12,20,1
2026-02-12,21,2
2026-02-12,22,1
2026-02-12,23,1
2026-02-13,6,10
2026-02-13,7,48
2026-02-13,8,63
2026-02-13,9,21
2026-02-13,10,12
2026-02-13,12,14
2026-02-13,13,45
2026-02-13,14,20
2026-02-13,15,25
2026-02-13,16,8
2026-02-14,6,44
2026-02-14,7,24
2026-02-14,8,31
2026-02-15,4,23
2026-02-15,5,144
2026-02-15,6,124
2026-02-15,7,173
2026-02-15,8,244
2026-02-15,9,324
2026-02-15,10,355
2026-02-15,11,287
2026-02-15,12,453
2026-02-15,13,339
2026-02-15,14,207
2026-02-15,15,325
2026-02-15,16,238
2026-02-15,17,51
2026-02-15,18,100
2026-02-15,19,45
2026-02-15,20,74
2026-02-15,21,42
2026-02-15,22,60
2026-02-15,23,21
2026-02-16,0,1
2026-02-16,1,6
2026-02-16,5,98
2026-02-16,6,156
2026-02-16,7,80
2026-02-16,8,242
2026-02-16,9,256
2026-02-16,10,308
2026-02-16,11,221
2026-02-16,12,282
2026-02-16,13,249
2026-02-16,14,159
2026-02-16,15,415
2026-02-16,16,276
2026-02-16,17,184
2026-02-16,18,142
2026-02-16,19,47
2026-02-16,20,91
2026-02-16,21,117
2026-02-16,22,173
2026-02-16,23,140
2026-02-17,0,96
2026-02-17,1,93
2026-02-17,2,42
2026-02-17,5,176
2026-02-17,6,165
2026-02-17,7,171
2026-02-17,8,195
2026-02-17,9,282
2026-02-17,10,221
2026-02-17,11,252
2026-02-17,12,190
2026-02-17,13,279
2026-02-17,14,365
2026-02-17,15,255
2026-02-17,16,273
2026-02-17,17,117
2026-02-17,18,110
2026-02-17,19,76
2026-02-17,20,80
2026-02-17,21,126
2026-02-17,22,85
2026-02-17,23,97
2026-02-18,0,26
2026-02-18,1,141
2026-02-18,2,72
2026-02-18,3,63
2026-02-18,4,115
2026-02-18,5,327
2026-02-18,6,303
2026-02-18,7,201
2026-02-18,8,357
2026-02-18,9,336
2026-02-18,10,337
2026-02-18,11,143
2026-02-18,12,279
2026-02-18,13,299
2026-02-18,14,254
2026-02-18,15,179
2026-02-18,16,327
2026-02-18,17,61
2026-02-18,18,80
2026-02-18,19,53
2026-02-18,20,67
2026-02-18,21,59
2026-02-18,22,111
2026-02-18,23,133
2026-02-19,0,49
2026-02-19,1,95
2026-02-19,2,75
2026-02-19,3,81
2026-02-19,4,77
2026-02-19,5,254
2026-02-19,6,239
2026-02-19,7,157
2026-02-19,8,459
2026-02-19,9,318
2026-02-19,10,294
2026-02-19,11,116
2026-02-19,12,253
2026-02-19,13,374
2026-02-19,14,284
2026-02-19,15,219
2026-02-19,16,228
2026-02-19,17,85
2026-02-19,18,77
2026-02-19,19,72
2026-02-19,20,58
2026-02-19,21,53
2026-02-19,22,66
2026-02-19,23,69
2026-02-20,0,21
2026-02-20,1,57
2026-02-20,2,88
2026-02-20,3,31
2026-02-20,4,38
2026-02-20,7,13
2026-02-20,8,16
2026-02-20,9,17
2026-02-20,10,52
2026-02-20,11,34
2026-02-20,12,46
2026-02-20,13,78
2026-02-20,14,55
2026-02-20,15,26
2026-02-20,16,28
2026-02-20,21,1
2026-02-21,1,1
2026-02-21,2,1
2026-02-21,3,1
2026-02-21,4,7
2026-02-21,5,99
2026-02-21,6,118
2026-02-21,7,44
2026-02-21,8,45
2026-02-21,9,31
2026-02-21,10,49
2026-02-21,11,34
2026-02-21,12,44
2026-02-21,13,43
2026-02-21,14,41
2026-02-21,15,39
2026-02-21,16,55
2026-02-22,1,1
2026-02-22,2,1
2026-02-22,4,34
2026-02-22,5,261
2026-02-22,6,187
2026-02-22,7,352
2026-02-22,8,360
2026-02-22,9,341
2026-02-22,10,409
2026-02-22,11,311
2026-02-22,12,339
2026-02-22,13,288
2026-02-22,14,219
2026-02-22,15,259
2026-02-22,16,180
2026-02-22,17,28
2026-02-22,18,47
2026-02-22,19,35
2026-02-22,20,47
2026-02-22,21,28
2026-02-22,22,29
2026-02-22,23,25
2026-02-23,0,17
2026-02-23,1,39
2026-02-23,2,34
2026-02-23,3,55
2026-02-23,4,52
2026-02-23,5,295
2026-02-23,6,153
2026-02-23,7,201
2026-02-23,8,242
2026-02-23,9,300
2026-02-23,10,317
2026-02-23,11,294
2026-02-23,12,229
2026-02-23,13,189
2026-02-23,14,397
2026-02-23,15,232
2026-02-23,16,209
2026-02-23,17,100
2026-02-23,18,172
2026-02-23,19,92
2026-02-23,20,173
2026-02-23,21,172
2026-02-23,22,154
2026-02-23,23,122
2026-02-24,0,129
2026-02-24,1,160
2026-02-24,2,198
2026-02-24,3,130
2026-02-24,4,61
2026-02-25,4,15
2026-02-25,5,227
2026-02-25,6,214
2026-02-25,7,207
2026-02-25,8,265
2026-02-25,9,330
2026-02-25,10,260
2026-02-25,11,178
2026-02-25,12,272
2026-02-25,13,324
2026-02-25,14,318
2026-02-25,15,324
2026-02-25,16,161
2026-02-25,17,48
2026-02-25,18,49
2026-02-25,19,60
2026-02-25,20,17
2026-02-25,21,173
2026-02-25,22,70
2026-02-25,23,158
2026-02-26,0,8
2026-02-26,1,75
2026-02-26,2,75
2026-02-26,3,43
2026-02-26,4,79
2026-02-26,5,382
2026-02-26,6,294
2026-02-26,7,278
2026-02-26,8,384
2026-02-26,9,318
2026-02-26,10,356
2026-02-26,11,244
2026-02-26,12,278
2026-02-26,13,223
2026-02-26,14,179
2026-02-26,15,273
2026-02-26,16,179
2026-02-26,17,47
2026-02-26,18,99
2026-02-26,19,85
2026-02-26,20,127
2026-02-26,21,81
2026-02-26,22,144
2026-02-26,23,189
2026-02-27,0,35
2026-02-27,1,130
2026-02-27,2,170
2026-02-27,3,102
2026-02-27,4,114
2026-02-27,5,328
2026-02-27,6,366
2026-02-27,7,306
2026-02-27,8,267
2026-02-27,9,257
2026-02-27,10,375
2026-02-27,11,336
2026-02-27,12,256
2026-02-27,13,354
2026-02-27,14,281
2026-02-27,15,221
2026-02-27,16,166
2026-02-28,2,1
2026-02-28,5,42
2026-02-28,6,48
2026-02-28,7,69
2026-02-28,8,59
2026-02-28,9,70
2026-02-28,10,82
2026-02-28,11,50
2026-02-28,12,18
2026-02-28,13,54
2026-02-28,14,53
2026-02-28,15,75
2026-02-28,16,23
2026-03-01,0,1
2026-03-01,1,2
2026-03-01,4,24
2026-03-01,5,589
2026-03-01,6,389
2026-03-01,7,237
2026-03-01,8,733
2026-03-01,9,476
2026-03-01,10,538
2026-03-01,11,315
2026-03-01,12,604
2026-03-01,13,525
2026-03-01,14,538
2026-03-01,15,369
2026-03-01,16,300
2026-03-01,17,94
2026-03-01,18,113
2026-03-01,19,86
2026-03-01,20,135
2026-03-01,21,108
2026-03-01,22,87
2026-03-01,23,117
2026-03-02,0,79
2026-03-02,1,112
2026-03-02,2,113
2026-03-02,3,34
2026-03-02,4,7
2026-03-02,5,70
2026-03-02,6,250
2026-03-02,7,337
2026-03-02,8,476
2026-03-02,9,532
2026-03-02,10,470
2026-03-02,11,512
2026-03-02,12,721
2026-03-02,13,445
2026-03-02,14,537
2026-03-02,15,621
2026-03-02,16,460
2026-03-02,17,181
2026-03-02,18,207
2026-03-02,19,170
2026-03-02,20,180
2026-03-02,21,217
2026-03-02,22,45
2026-03-02,23,85
2026-03-03,0,17
2026-03-03,5,275
2026-03-03,6,487
2026-03-03,7,510
2026-03-03,8,478
2026-03-03,9,482
2026-03-03,10,543
2026-03-03,11,404
2026-03-03,12,443
2026-03-03,13,445
2026-03-03,14,328
2026-03-03,15,277
2026-03-03,16,235
2026-03-03,17,84
2026-03-03,18,148
2026-03-03,19,97
2026-03-03,20,98
2026-03-03,21,117
2026-03-03,22,27
2026-03-03,23,64
2026-03-04,0,6
2026-03-04,3,2
2026-03-04,4,24
2026-03-04,5,136
2026-03-04,6,279
2026-03-04,7,351
2026-03-04,8,421
2026-03-04,9,421
2026-03-04,10,578
2026-03-04,11,452
2026-03-04,12,577
2026-03-04,13,636
2026-03-04,14,440
2026-03-04,15,598
2026-03-04,16,324
2026-03-04,17,83
2026-03-04,18,44
2026-03-04,19,62
2026-03-04,20,63
2026-03-04,21,36
2026-03-04,22,18
2026-03-04,23,38
2026-03-05,0,72
2026-03-05,1,42
2026-03-05,2,4
2026-03-05,3,17
2026-03-05,5,188
2026-03-05,6,537
2026-03-05,7,388
2026-03-05,8,464
2026-03-05,9,472
2026-03-05,10,516
2026-03-05,11,316
2026-03-05,12,497
2026-03-05,13,469
2026-03-05,14,676
2026-03-05,15,494
2026-03-05,16,408
2026-03-05,17,170
2026-03-05,18,241
2026-03-05,19,136
2026-03-05,20,242
2026-03-05,21,222
2026-03-05,22,184
2026-03-05,23,14
2026-03-06,2,2
2026-03-06,4,34
2026-03-06,6,13
2026-03-06,7,19
2026-03-06,10,11
2026-03-06,11,28
2026-03-07,3,1
2026-03-07,8,1
2026-03-07,9,1
2026-03-07,13,1
2026-03-08,1,2
2026-03-08,2,5
2026-03-08,4,2
2026-03-08,5,3
2026-03-08,6,458
2026-03-08,7,355
2026-03-08,8,309
2026-03-08,9,390
2026-03-08,10,502
2026-03-08,11,304
2026-03-08,12,464
2026-03-08,13,440
2026-03-08,14,441
2026-03-08,15,429
2026-03-08,16,399
2026-03-08,17,213
2026-03-08,18,258
2026-03-08,19,163
2026-03-08,20,191
2026-03-08,21,282
2026-03-08,22,268
2026-03-08,23,265
2026-03-09,0,187
2026-03-09,1,165
2026-03-09,2,176
2026-03-09,3,232
2026-03-09,4,78
2026-03-09,5,325
2026-03-09,6,335
2026-03-09,7,424
2026-03-09,8,550
2026-03-09,9,567
2026-03-09,10,620
2026-03-09,11,418
2026-03-09,12,648
2026-03-09,13,571
2026-03-09,14,397
2026-03-09,15,517
2026-03-09,16,391
2026-03-09,17,123
2026-03-09,18,167
2026-03-09,19,42
2026-03-09,20,117
2026-03-09,21,152
2026-03-09,22,113
2026-03-09,23,121
2026-03-10,0,83
2026-03-10,1,188
2026-03-10,2,141
2026-03-10,3,116
2026-03-10,4,137
2026-03-10,5,387
2026-03-10,6,524
2026-03-10,7,477
2026-03-10,8,792
2026-03-10,9,467
2026-03-10,10,753
2026-03-10,11,491
2026-03-10,12,893
2026-03-10,13,664
2026-03-10,14,509
2026-03-10,15,596
2026-03-10,16,586
2026-03-10,17,169
2026-03-10,18,187
2026-03-10,19,106
2026-03-10,20,150
2026-03-10,21,113
2026-03-10,22,179
2026-03-10,23,166
2026-03-11,0,137
2026-03-11,1,165
2026-03-11,2,208
2026-03-11,3,125
2026-03-11,4,105
2026-03-11,5,548
2026-03-11,6,543
2026-03-11,7,294
2026-03-11,8,565
2026-03-11,9,551
2026-03-11,10,669
2026-03-11,11,341
2026-03-11,12,647
2026-03-11,13,545
2026-03-11,14,598
2026-03-11,15,709
2026-03-11,16,545
2026-03-11,17,110
2026-03-11,18,152
2026-03-11,19,93
2026-03-11,20,49
2026-03-11,21,82
2026-03-11,22,98
2026-03-11,23,130
2026-03-12,0,78
2026-03-12,1,51
2026-03-12,2,134
2026-03-12,3,101
2026-03-12,4,100
2026-03-12,5,383
2026-03-12,6,612
2026-03-12,7,741
2026-03-12,8,632
2026-03-12,9,837
2026-03-12,10,943
2026-03-12,11,613
2026-03-12,12,692
2026-03-12,13,613
2026-03-12,14,683
2026-03-12,15,675
2026-03-12,16,695
2026-03-12,17,152
2026-03-12,18,163
2026-03-12,19,185
2026-03-12,20,200
2026-03-12,21,107
2026-03-12,22,100
2026-03-12,23,173
2026-03-13,0,106
2026-03-13,1,183
2026-03-13,2,153
2026-03-13,3,139
2026-03-13,4,165
2026-03-13,5,277
2026-03-13,6,203
2026-03-13,7,103
2026-03-13,8,84
2026-03-13,9,124
2026-03-13,10,107
2026-03-13,11,118
2026-03-13,12,69
2026-03-13,13,176
2026-03-13,14,50
2026-03-13,15,48
2026-03-13,16,46
2026-03-13,17,10
2026-03-13,18,2
2026-03-13,19,1
2026-03-13,21,2
2026-03-14,5,3
2026-03-14,9,1
2026-03-14,15,1
2026-03-15,5,168
2026-03-15,6,533
2026-03-15,7,375
2026-03-15,8,593
2026-03-15,9,321
2026-03-15,11,455
2026-03-15,12,524
2026-03-15,13,350
2026-03-15,14,324
2026-03-15,15,433
2026-03-15,16,460
2026-03-15,17,121
2026-03-15,18,180
2026-03-15,19,113
2026-03-15,20,143
2026-03-15,21,196
2026-03-15,22,205
2026-03-15,23,154
2026-03-16,0,103
2026-03-16,1,165
2026-03-16,2,197
2026-03-16,3,148
2026-03-16,4,93
2026-03-16,5,475
2026-03-16,6,674
2026-03-16,7,661
2026-03-16,8,772
2026-03-16,9,657
2026-03-16,10,708
2026-03-16,11,355
2026-03-16,12,715
2026-03-16,13,644
2026-03-16,14,582
2026-03-16,15,640
2026-03-16,16,745
2026-03-16,17,186
2026-03-16,18,203
2026-03-16,19,167
2026-03-16,20,155
2026-03-16,21,236
2026-03-16,22,217
2026-03-16,23,166
2026-03-17,0,200
2026-03-17,1,285
2026-03-17,2,294
2026-03-17,3,217
2026-03-17,4,137
2026-03-17,5,620
2026-03-17,6,718
2026-03-17,7,550
2026-03-17,8,704
2026-03-17,9,658
2026-03-17,10,686
2026-03-17,11,516
2026-03-17,12,584
2026-03-17,13,517
2026-03-17,14,442
2026-03-17,15,555
2026-03-17,16,487
2026-03-17,17,220
2026-03-17,18,275
2026-03-17,19,223
2026-03-17,20,260
2026-03-17,21,230
2026-03-17,22,202
2026-03-17,23,271
2026-03-18,0,123
2026-03-18,1,434
2026-03-18,2,203
2026-03-18,3,86
2026-03-18,4,198
2026-03-18,5,539
2026-03-18,6,526
2026-03-18,7,665
2026-03-18,8,935
2026-03-18,9,776
2026-03-18,10,684
2026-03-18,11,636
2026-03-18,12,802
2026-03-18,13,613
2026-03-18,14,652
2026-03-18,15,683
2026-03-18,16,539
2026-03-18,17,247
2026-03-18,18,279
2026-03-18,19,216
2026-03-18,20,113
2026-03-18,21,140
2026-03-18,22,118
2026-03-18,23,125
2026-03-19,0,29
2026-03-19,1,8
2026-03-19,2,2
2026-03-19,3,12
2026-03-19,4,36
2026-03-19,5,455
2026-03-19,6,682
2026-03-19,7,458
2026-03-19,8,649
2026-03-19,9,659
2026-03-19,10,745
2026-03-19,11,583
2026-03-19,12,642
2026-03-19,13,443
2026-03-19,14,490
2026-03-19,15,407
2026-03-19,16,421
2026-03-19,17,173
2026-03-19,18,175
2026-03-19,19,185
2026-03-19,20,141
2026-03-19,21,144
2026-03-19,22,106
2026-03-19,23,101
2026-03-20,0,46
2026-03-20,1,82
2026-03-20,2,111
2026-03-20,3,72
2026-03-20,4,26
2026-03-20,10,21
2026-03-20,11,14
2026-03-20,13,1
2026-03-20,15,4
2026-03-20,18,1
2026-03-21,1,1
2026-03-21,2,3
2026-03-21,5,2
2026-03-21,7,1
2026-03-21,8,1
2026-03-21,12,8
2026-03-21,13,1
2026-03-21,18,1
2026-03-21,23,1
2026-03-22,5,327
2026-03-22,6,704
2026-03-22,7,540
2026-03-22,8,728
2026-03-22,9,697
2026-03-22,10,775
2026-03-22,11,701
2026-03-22,12,956
2026-03-22,13,626
2026-03-22,14,771
2026-03-22,15,791
2026-03-22,16,647
2026-03-22,17,226
2026-03-22,18,163
2026-03-22,19,121
2026-03-22,20,125
2026-03-22,21,95
2026-03-22,22,119
2026-03-22,23,89
2026-03-23,0,152
2026-03-23,1,201
2026-03-23,2,133
2026-03-23,3,275
2026-03-23,4,149
2026-03-23,5,434
2026-03-23,6,486
2026-03-23,7,506
2026-03-23,8,607
2026-03-23,9,701
2026-03-23,10,525
2026-03-23,11,615
2026-03-23,12,661
2026-03-23,13,533
2026-03-23,14,70
2026-03-23,15,676
2026-03-23,16,449
2026-03-23,17,217
2026-03-23,18,176
2026-03-23,19,184
2026-03-23,20,205
2026-03-23,21,194
2026-03-23,22,157
2026-03-23,23,219
2026-03-24,0,158
2026-03-24,1,220
2026-03-24,2,219
2026-03-24,3,183
2026-03-24,4,204
2026-03-24,5,410
2026-03-24,6,753
2026-03-24,7,522
2026-03-24,8,523
2026-03-24,9,428
2026-03-24,10,380
2026-03-24,11,550
2026-03-24,12,557
2026-03-24,13,482
2026-03-24,14,407
2026-03-24,15,454
2026-03-24,16,455
2026-03-24,17,107
2026-03-24,18,112
2026-03-24,19,124
2026-03-24,20,134
2026-03-24,21,117
2026-03-24,22,192
2026-03-24,23,187
2026-03-25,0,243
2026-03-25,1,181
2026-03-25,2,201
2026-03-25,3,209
2026-03-25,4,162
2026-03-25,5,457
2026-03-25,6,544
2026-03-25,7,378
2026-03-25,8,595
2026-03-25,9,525
2026-03-25,10,518
2026-03-25,11,486
2026-03-25,12,455
2026-03-25,13,442
2026-03-25,14,510
2026-03-25,15,422
2026-03-25,16,297
2026-03-25,17,69
2026-03-25,18,50
2026-03-25,19,104
2026-03-25,20,49
2026-03-25,21,59
2026-03-25,22,67
2026-03-25,23,97
2026-03-26,0,84
2026-03-26,1,101
2026-03-26,2,141
2026-03-26,3,90
2026-03-26,4,75
2026-03-26,5,632
2026-03-26,6,667
2026-03-26,7,624
2026-03-26,8,621
2026-03-26,9,519
2026-03-26,10,615
2026-03-26,11,475
2026-03-26,12,824
2026-03-26,13,526
2026-03-26,14,554
2026-03-26,15,688
2026-03-26,16,490
2026-03-26,17,102
2026-03-26,18,59
2026-03-26,19,69
2026-03-26,20,81
2026-03-26,21,68
2026-03-26,22,107
2026-03-26,23,68
2026-03-27,0,105
2026-03-27,1,79
2026-03-27,2,94
2026-03-27,3,90
2026-03-27,4,114
2026-03-27,5,457
2026-03-27,6,505
2026-03-27,7,429
2026-03-27,8,404
2026-03-27,9,378
2026-03-27,10,303
2026-03-27,11,293
2026-03-27,12,430
2026-03-27,13,254
2026-03-27,14,312
2026-03-27,15,368
2026-03-27,16,295
2026-03-27,17,110
2026-03-27,18,94
2026-03-27,19,73
2026-03-27,20,176
2026-03-27,21,42
2026-03-28,4,45
2026-03-28,10,25
2026-03-28,11,17
2026-03-28,12,5
2026-03-28,13,10
2026-03-28,14,19
2026-03-28,15,43
2026-03-28,16,2
2026-03-28,17,58
2026-03-28,18,73
2026-03-28,19,64
2026-03-28,20,74
2026-03-28,21,41
2026-03-28,22,68
2026-03-28,23,69
2026-03-29,0,65
2026-03-29,1,38
2026-03-29,2,62
2026-03-29,3,55
2026-03-29,4,69
2026-03-29,5,593
2026-03-29,6,645
2026-03-29,7,425
2026-03-29,8,534
2026-03-29,9,767
2026-03-29,10,730
2026-03-29,11,567
2026-03-29,12,586
2026-03-29,13,701
2026-03-29,14,624
2026-03-29,15,472
2026-03-29,16,354
2026-03-29,17,70
2026-03-29,18,124
2026-03-29,19,98
2026-03-29,20,30
2026-03-29,21,82
2026-03-29,22,58
2026-03-29,23,105
2026-03-30,0,5
2026-03-30,2,3
2026-03-30,3,1
2026-03-30,4,3
2026-03-30,5,126
2026-03-30,6,308
2026-03-30,7,437
2026-03-30,8,273
2026-03-30,9,303
2026-03-30,10,455
2026-03-30,11,346
2026-03-30,12,474
2026-03-30,13,399
2026-03-30,14,370
2026-03-30,15,355
2026-03-30,16,343
2026-03-30,17,209
2026-03-30,18,172
2026-03-30,19,110
2026-03-30,20,215
2026-03-30,21,154
2026-03-30,22,115
2026-03-30,23,113
2026-03-31,0,148
2026-03-31,1,132
2026-03-31,2,135
2026-03-31,3,159
2026-03-31,4,169
2026-03-31,5,392
2026-03-31,6,695
2026-03-31,7,389
2026-03-31,8,342
2026-03-31,9,421
2026-03-31,10,447
2026-03-31,11,73
2026-03-31,12,96
2026-03-31,13,503
2026-03-31,14,477
2026-03-31,15,565
2026-03-31,16,395
2026-03-31,17,154
2026-03-31,18,191
2026-03-31,19,198
2026-03-31,20,104
2026-03-31,21,88
2026-03-31,22,183
2026-03-31,23,86
2026-04-01,0,49
2026-04-01,1,39
2026-04-01,2,11
2026-04-01,3,59
2026-04-01,4,129
2026-04-01,5,729
2026-04-01,6,709
2026-04-01,7,658
2026-04-01,8,578
2026-04-01,9,709
2026-04-01,10,514
2026-04-01,11,451
2026-04-01,12,666
2026-04-01,13,597
2026-04-01,14,529
2026-04-01,15,548
2026-04-01,16,360
2026-04-01,17,230
2026-04-01,18,182
2026-04-01,19,100
2026-04-01,20,111
2026-04-01,21,167
2026-04-01,22,146
2026-04-01,23,107
2026-04-02,0,149
2026-04-02,1,145
2026-04-02,2,95
2026-04-02,3,175
2026-04-02,4,97
2026-04-02,5,192
2026-04-02,6,217
2026-04-02,7,235
2026-04-02,8,314
2026-04-02,9,287
2026-04-02,10,163
2026-04-02,11,165
2026-04-02,12,183
2026-04-02,13,244
2026-04-02,14,182
2026-04-02,15,85
2026-04-02,16,171
2026-04-02,18,1
2026-04-02,19,18
2026-04-02,20,23
2026-04-02,21,26
2026-04-03,1,1
2026-04-03,4,7
2026-04-03,8,1
2026-04-03,20,3
2026-04-04,8,2
2026-04-04,14,2
2026-04-05,11,1
2026-04-05,21,1
2026-04-06,4,40
2026-04-06,5,455
2026-04-06,6,526
2026-04-06,7,514
2026-04-06,8,547
2026-04-06,9,425
2026-04-06,10,326
2026-04-06,11,395
2026-04-06,12,281
2026-04-06,13,384
2026-04-06,14,355
2026-04-06,15,349
2026-04-06,16,194
2026-04-06,17,127
2026-04-06,18,141
2026-04-06,19,119
2026-04-06,20,194
2026-04-06,21,180
2026-04-06,22,206
2026-04-06,23,232
2026-04-07,0,143
2026-04-07,1,273
2026-04-07,2,165
2026-04-07,3,123
2026-04-07,4,165
2026-04-07,5,456
2026-04-07,6,652
2026-04-07,7,439
2026-04-07,8,390
2026-04-07,9,515
2026-04-07,10,424
2026-04-07,11,462
2026-04-07,12,497
2026-04-07,13,617
2026-04-07,14,637
2026-04-07,15,566
2026-04-07,16,471
2026-04-07,17,149
2026-04-07,18,176
2026-04-07,19,143
2026-04-07,20,164
2026-04-07,21,161
2026-04-07,22,218
2026-04-07,23,259
2026-04-08,0,233
2026-04-08,1,222
2026-04-08,2,191
2026-04-08,3,193
2026-04-08,4,140
2026-04-08,5,350
2026-04-08,6,604
2026-04-08,7,584
2026-04-08,8,390
2026-04-08,9,451
2026-04-08,10,448
2026-04-08,11,421
2026-04-08,12,553
2026-04-08,13,478
2026-04-08,14,409
2026-04-08,15,506
2026-04-08,16,455
2026-04-08,17,31
2026-04-08,18,212
2026-04-08,19,143
2026-04-08,20,174
2026-04-08,21,136
2026-04-08,22,139
2026-04-08,23,201
2026-04-09,0,138
2026-04-09,1,193
2026-04-09,2,149
2026-04-09,3,155
2026-04-09,4,132
2026-04-09,5,497
2026-04-09,6,579
2026-04-09,7,529
2026-04-09,8,659
2026-04-09,9,534
2026-04-09,10,629
2026-04-09,11,484
2026-04-09,12,499
2026-04-09,13,589
2026-04-09,14,354
2026-04-09,15,507
2026-04-09,16,614
2026-04-09,17,201
2026-04-09,18,188
2026-04-09,19,255
2026-04-09,20,211
2026-04-09,21,215
2026-04-09,22,167
2026-04-09,23,165
2026-04-10,0,197
2026-04-10,1,235
2026-04-10,2,171
2026-04-10,3,196
2026-04-10,4,92
2026-04-10,5,450
2026-04-10,6,513
2026-04-10,7,499
2026-04-10,8,503
2026-04-10,9,463
2026-04-10,10,366
2026-04-10,11,440
2026-04-10,12,348
2026-04-10,13,499
2026-04-10,14,387
2026-04-10,15,261
2026-04-10,16,334
2026-04-11,2,2
2026-04-11,12,1
2026-04-12,3,4
2026-04-12,4,44
2026-04-12,5,463
2026-04-12,6,554
2026-04-12,7,384
2026-04-12,8,526
2026-04-12,9,456
2026-04-12,10,478
2026-04-12,11,411
2026-04-12,12,414
2026-04-12,13,488
2026-04-12,14,394
2026-04-12,15,454
2026-04-12,16,469
2026-04-12,17,185
2026-04-12,18,189
2026-04-12,19,108
2026-04-12,20,201
2026-04-12,21,270
2026-04-12,22,170
2026-04-12,23,191
2026-04-13,0,315
2026-04-13,1,342
2026-04-13,2,292
2026-04-13,3,221
2026-04-13,4,251
2026-04-13,5,751
2026-04-13,6,560
2026-04-13,7,595
2026-04-13,8,396
2026-04-13,9,424
2026-04-13,10,319
2026-04-13,11,430
2026-04-13,12,531
2026-04-13,13,388
2026-04-13,14,420
2026-04-13,15,347
2026-04-13,16,264
2026-04-13,17,175
2026-04-13,18,235
2026-04-13,19,167
2026-04-13,20,241
2026-04-13,21,120
2026-04-13,22,188
2026-04-13,23,184
2026-04-14,0,130
2026-04-14,1,349
2026-04-14,2,367
2026-04-14,3,271
2026-04-14,4,237
2026-04-14,5,572
2026-04-14,6,696
2026-04-14,7,491
2026-04-14,8,711
2026-04-14,9,537
2026-04-14,10,455
2026-04-14,11,450
2026-04-14,12,410
2026-04-14,13,460
2026-04-14,14,371
2026-04-14,15,364
2026-04-14,16,353
2026-04-14,17,188
2026-04-14,18,250
2026-04-14,19,206
2026-04-14,20,204
2026-04-14,21,212
2026-04-14,22,194
2026-04-14,23,179
2026-04-15,0,280
2026-04-15,1,290
2026-04-15,2,301
2026-04-15,3,163
2026-04-15,4,202
2026-04-15,5,470
2026-04-15,6,453
2026-04-15,7,504
2026-04-15,8,553
2026-04-15,9,594
2026-04-15,10,575
2026-04-15,11,428
2026-04-15,12,779
2026-04-15,13,499
2026-04-15,14,518
2026-04-15,15,658
2026-04-15,16,465
2026-04-15,17,134
2026-04-15,18,136
2026-04-15,19,138
2026-04-15,20,133
2026-04-15,21,207
2026-04-15,22,137
2026-04-15,23,111
2026-04-16,0,148
2026-04-16,1,215
2026-04-16,2,112
2026-04-16,3,117
2026-04-16,4,106
2026-04-16,5,467
2026-04-16,6,336
2026-04-16,7,434
2026-04-16,8,512
2026-04-16,9,475
2026-04-16,10,390
2026-04-16,11,412
2026-04-16,12,615
2026-04-16,13,364
2026-04-16,14,283
2026-04-16,15,607
2026-04-16,16,468
2026-04-16,17,219
2026-04-16,18,158
2026-04-16,19,144
2026-04-16,20,128
2026-04-16,21,115
2026-04-16,22,151
2026-04-16,23,108
2026-04-17,0,134
2026-04-17,1,166
2026-04-17,2,182
2026-04-17,3,345
2026-04-17,4,325
2026-04-17,5,390
2026-04-17,6,471
2026-04-17,7,426
2026-04-17,8,466
2026-04-17,9,414
2026-04-17,10,345
2026-04-17,11,351
2026-04-17,12,354
2026-04-17,13,400
2026-04-17,14,450
2026-04-17,15,407
2026-04-17,16,424
2026-04-17,17,177
2026-04-17,18,244
2026-04-17,19,201
2026-04-17,20,199
2026-04-17,21,196
2026-04-17,22,173
2026-04-17,23,128
2026-04-18,0,161
2026-04-18,1,74
2026-04-18,2,151
2026-04-18,3,111
2026-04-18,4,73
2026-04-18,6,1
2026-04-18,10,1
2026-04-18,14,1
2026-04-18,19,1
2026-04-19,1,6
2026-04-19,3,1
2026-04-19,4,15
2026-04-19,5,543
2026-04-19,6,817
2026-04-19,7,548
2026-04-19,8,764
2026-04-19,9,756
2026-04-19,10,602
2026-04-19,11,606
2026-04-19,12,323
2026-04-19,13,701
2026-04-19,14,393
2026-04-19,15,556
2026-04-19,16,434
2026-04-19,17,132
2026-04-19,18,209
2026-04-19,19,228
2026-04-19,20,197
2026-04-19,21,221
2026-04-19,22,234
2026-04-19,23,232
2026-04-20,0,215
2026-04-20,1,173
2026-04-20,2,158
2026-04-20,3,165
2026-04-20,4,97
2026-04-20,5,480
2026-04-20,6,607
2026-04-20,7,488
2026-04-20,8,583
2026-04-20,9,571
2026-04-20,10,416
2026-04-20,11,495
2026-04-20,12,477
2026-04-20,13,441
2026-04-20,14,493
2026-04-20,15,526
2026-04-20,16,393
2026-04-20,17,217
2026-04-20,18,222
2026-04-20,19,204
2026-04-20,20,194
2026-04-20,21,195
2026-04-20,22,194
2026-04-20,23,258
2026-04-21,0,211
2026-04-21,1,239
2026-04-21,2,199
2026-04-21,3,141
2026-04-21,4,161
2026-04-21,5,420
2026-04-21,6,678
2026-04-21,7,457
2026-04-21,8,573
2026-04-21,9,712
2026-04-21,10,546
2026-04-21,11,423
2026-04-21,12,612
2026-04-21,13,558
2026-04-21,14,520
2026-04-21,15,468
2026-04-21,16,401
2026-04-21,17,56
2026-04-21,18,98
2026-04-21,19,115
2026-04-21,20,96
2026-04-21,21,106
2026-04-21,22,68
2026-04-21,23,90
2026-04-22,0,46
2026-04-22,1,123
2026-04-22,2,103
2026-04-22,3,79
2026-04-22,4,56
2026-04-22,5,244
2026-04-22,6,446
2026-04-22,7,473
2026-04-22,8,760
2026-04-22,9,865
2026-04-22,10,618
2026-04-22,11,585
2026-04-22,12,534
2026-04-22,13,645
2026-04-22,14,669
2026-04-22,15,807
2026-04-22,16,807
2026-04-22,17,143
2026-04-22,18,226
2026-04-22,19,250
2026-04-22,20,221
2026-04-22,21,149
2026-04-22,22,200
2026-04-22,23,227
2026-04-23,0,182
2026-04-23,1,185
2026-04-23,2,181
2026-04-23,3,185
2026-04-23,4,105
2026-04-23,5,652
2026-04-23,6,769
2026-04-23,7,759
2026-04-23,8,720
2026-04-23,9,620
2026-04-23,10,686
2026-04-23,11,523
2026-04-23,12,698
2026-04-23,13,574
2026-04-23,14,713
2026-04-23,15,728
2026-04-23,16,786
2026-04-23,17,267
2026-04-23,18,297
2026-04-23,19,242
2026-04-23,20,251
2026-04-23,21,128
2026-04-23,22,193
2026-04-23,23,241
2026-04-24,0,354
2026-04-24,1,253
2026-04-24,2,300
2026-04-24,3,184
2026-04-24,4,160
2026-04-24,5,651
2026-04-24,6,908
2026-04-24,7,681
2026-04-24,8,798
2026-04-24,9,766
2026-04-24,10,647
2026-04-24,11,665
2026-04-24,12,745
2026-04-24,13,586
2026-04-24,14,803
2026-04-24,15,498
2026-04-24,16,402
2026-04-24,17,109
2026-04-24,18,190
2026-04-24,19,206
2026-04-24,20,153
2026-04-24,21,154
2026-04-24,22,110
2026-04-24,23,171
2026-04-25,0,144
2026-04-25,1,249
2026-04-25,2,136
2026-04-25,3,236
2026-04-25,4,73
2026-04-25,5,204
2026-04-25,6,233
2026-04-25,7,167
2026-04-25,8,275
2026-04-25,9,319
2026-04-25,10,230
2026-04-25,11,292
2026-04-25,12,197
2026-04-25,13,115
2026-04-25,14,111
2026-04-25,15,132
2026-04-25,16,67
2026-04-26,4,21
2026-04-26,5,280
2026-04-26,6,424
2026-04-26,7,360
2026-04-26,8,282
2026-04-26,9,245
2026-04-26,10,262
2026-04-26,11,400
2026-04-26,12,413
2026-04-26,13,281
2026-04-26,14,190
2026-04-26,15,300
2026-04-26,16,232
2026-04-26,17,199
2026-04-26,18,313
2026-04-26,19,396
2026-04-26,20,291
2026-04-26,21,239
2026-04-26,22,380
2026-04-26,23,264
2026-04-27,0,318
2026-04-27,1,244
2026-04-27,2,247
2026-04-27,3,221
2026-04-27,4,137
2026-04-27,5,272
2026-04-27,6,452
2026-04-27,7,482
2026-04-27,8,422
2026-04-27,9,449
2026-04-27,10,528
2026-04-27,11,339
2026-04-27,12,567
2026-04-27,13,554
2026-04-27,14,633
2026-04-27,15,462
2026-04-27,16,482
2026-04-27,17,182
2026-04-27,18,257
2026-04-27,19,322
2026-04-27,20,310
2026-04-27,21,180
2026-04-27,22,245
2026-04-27,23,143
2026-04-28,0,276
2026-04-28,1,404
2026-04-28,2,301
2026-04-28,3,293
2026-04-28,4,67
2026-04-28,5,534
2026-04-28,6,609
2026-04-28,7,627
2026-04-28,8,523
2026-04-28,9,733
2026-04-28,10,671
2026-04-28,11,564
2026-04-28,12,661
2026-04-28,13,544
2026-04-28,14,435
2026-04-28,15,662
2026-04-28,16,497
2026-04-28,17,225
2026-04-28,18,419
2026-04-28,19,365
2026-04-28,20,284
2026-04-28,21,214
2026-04-28,22,262
2026-04-28,23,336
2026-04-29,0,254
2026-04-29,1,381
2026-04-29,2,292
2026-04-29,3,329
2026-04-29,4,207
2026-04-29,5,667
2026-04-29,6,980
2026-04-29,7,764
2026-04-29,8,738
2026-04-29,9,734
2026-04-29,10,657
2026-04-29,11,513
2026-04-29,12,694
2026-04-29,13,719
2026-04-29,14,706
2026-04-29,15,706
2026-04-29,16,704
2026-04-29,17,165
2026-04-29,18,325
2026-04-29,19,369
2026-04-29,20,392
2026-04-29,21,385
2026-04-29,22,380
2026-04-29,23,278
2026-04-30,0,428
2026-04-30,1,350
2026-04-30,2,354
2026-04-30,3,322
2026-04-30,4,350
2026-04-30,5,1138
2026-04-30,6,1109
2026-04-30,7,903
2026-04-30,8,912
2026-04-30,9,837
2026-04-30,10,537
2026-04-30,11,458
2026-04-30,12,480
2026-04-30,13,425
2026-04-30,14,356
2026-04-30,15,110
2026-04-30,16,85
2026-04-30,17,69
2026-04-30,20,83
2026-04-30,21,46
2026-04-30,22,65
2026-04-30,23,93
2026-05-01,0,67
2026-05-01,1,28
2026-05-01,2,17
2026-05-01,3,8
2026-05-01,4,1
2026-05-01,5,37
2026-05-01,6,157
2026-05-01,7,174
2026-05-01,8,154
2026-05-01,9,138
2026-05-01,10,39
2026-05-01,11,173
2026-05-01,12,45
2026-05-01,14,18
2026-05-01,15,20
2026-05-01,16,31
2026-05-01,17,10
2026-05-01,20,1
2026-05-01,22,54
2026-05-01,23,127
2026-05-02,0,86
2026-05-02,1,103
2026-05-02,2,45
2026-05-02,3,67
2026-05-02,4,68
2026-05-02,6,2
2026-05-02,7,24
2026-05-02,8,4
2026-05-02,10,4
2026-05-02,13,2
2026-05-02,15,3
2026-05-02,18,14
2026-05-02,19,16
2026-05-02,21,10
2026-05-02,23,23
2026-05-03,0,8
2026-05-03,2,11
2026-05-03,3,53
2026-05-03,4,21
2026-05-03,5,258
2026-05-03,6,407
2026-05-03,7,382
2026-05-03,8,435
2026-05-03,9,498
2026-05-03,10,431
2026-05-03,11,464
2026-05-03,12,470
2026-05-03,13,380
2026-05-03,14,560
2026-05-03,15,565
2026-05-03,16,466
2026-05-03,17,214
2026-05-03,18,220
2026-05-03,19,192
2026-05-03,20,304
2026-05-03,21,220
2026-05-03,22,145
2026-05-03,23,33
2026-05-04,0,200
2026-05-04,1,301
2026-05-04,2,250
2026-05-04,3,176
2026-05-04,4,170
2026-05-04,5,490
2026-05-04,6,835
2026-05-04,7,673
2026-05-04,8,691
2026-05-04,9,710
2026-05-04,10,353
2026-05-04,11,390
2026-05-04,12,293
2026-05-04,13,1010
2026-05-04,14,639
2026-05-04,15,825
2026-05-04,16,733
2026-05-04,17,243
2026-05-04,18,119
2026-05-04,19,71
2026-05-04,20,289
2026-05-04,21,206
2026-05-04,22,111
2026-05-04,23,205
2026-05-05,0,200
2026-05-05,1,181
2026-05-05,2,234
2026-05-05,3,232
2026-05-05,4,135
2026-05-05,5,711
2026-05-05,6,838
2026-05-05,7,764
2026-05-05,8,909
2026-05-05,9,915
2026-05-05,10,601
2026-05-05,11,613
2026-05-05,12,659
2026-05-05,13,598
2026-05-05,14,452
2026-05-05,15,504
2026-05-05,16,457
2026-05-05,17,207
2026-05-05,18,238
2026-05-05,19,165
2026-05-05,20,211
2026-05-05,21,245
2026-05-05,22,197
2026-05-05,23,290
2026-05-06,0,167
2026-05-06,1,172
2026-05-06,2,164
2026-05-06,3,216
2026-05-06,4,183
2026-05-06,5,652
2026-05-06,6,606
2026-05-06,7,717
2026-05-06,8,533
2026-05-06,9,732
2026-05-06,10,736
2026-05-06,11,556
2026-05-06,12,718
2026-05-06,13,811
2026-05-06,14,717
2026-05-06,15,828
2026-05-06,16,585
2026-05-06,17,260
2026-05-06,18,224
2026-05-06,19,250
2026-05-06,20,275
2026-05-06,21,301
2026-05-06,22,243
2026-05-06,23,218
2026-05-07,0,290
2026-05-07,1,352
2026-05-07,2,267
2026-05-07,3,115
2026-05-07,4,144
2026-05-07,5,150
2026-05-07,6,105
2026-05-07,7,94
2026-05-07,8,109
2026-05-07,9,92
2026-05-07,10,85
2026-05-07,11,86
2026-05-07,12,87
2026-05-07,13,60
2026-05-07,14,48
2026-05-07,15,61
2026-05-07,16,7
2026-05-07,20,1
2026-05-08,1,1
2026-05-08,3,7
2026-05-08,7,19
2026-05-08,8,15
2026-05-08,9,20
2026-05-08,10,26
2026-05-08,11,28
2026-05-08,12,25
2026-05-08,13,23
2026-05-08,14,24
2026-05-08,15,19
2026-05-08,16,13
2026-05-08,17,8
2026-05-09,2,1
2026-05-09,5,10
2026-05-09,6,12
2026-05-09,7,13
2026-05-09,11,1
2026-05-09,13,12
2026-05-09,14,12
2026-05-09,16,1
2026-05-10,4,9
2026-05-10,5,231
2026-05-10,6,325
2026-05-10,7,533
2026-05-10,8,484
2026-05-10,9,736
2026-05-10,10,613
2026-05-10,11,585
2026-05-10,12,695
2026-05-10,13,600
2026-05-10,14,535
2026-05-10,15,636
2026-05-10,16,637
2026-05-10,17,254
2026-05-10,18,287
2026-05-10,19,183
2026-05-10,20,165
2026-05-10,21,243
2026-05-10,22,214
2026-05-10,23,217
2026-05-11,0,177
2026-05-11,1,311
2026-05-11,2,260
2026-05-11,3,258
2026-05-11,4,189
2026-05-11,5,611
2026-05-11,6,934
2026-05-11,7,589
2026-05-11,8,715
2026-05-11,9,682
2026-05-11,10,552
2026-05-11,11,487
2026-05-11,12,723
2026-05-11,13,563
2026-05-11,14,484
2026-05-11,15,742
2026-05-11,16,634
2026-05-11,17,247
2026-05-11,18,290
2026-05-11,19,208
2026-05-11,20,315
2026-05-11,21,340
2026-05-11,22,348
2026-05-11,23,226
2026-05-12,0,239
2026-05-12,1,250
2026-05-12,2,164
2026-05-12,3,217
2026-05-12,4,100
2026-05-12,5,604
2026-05-12,6,638
2026-05-12,7,565
2026-05-12,8,645
2026-05-12,9,856
2026-05-12,10,575
2026-05-12,11,550
2026-05-12,12,688
2026-05-12,13,807
2026-05-12,14,684
2026-05-12,15,392
2026-05-12,16,592
2026-05-12,17,197
2026-05-12,18,277
2026-05-12,19,217
2026-05-12,20,333
2026-05-12,21,325
2026-05-12,22,272
2026-05-12,23,215
2026-05-13,0,205
2026-05-13,1,307
2026-05-13,2,219
2026-05-13,3,326
2026-05-13,4,198
2026-05-13,5,462
2026-05-13,6,686
2026-05-13,7,281
2026-05-13,8,696
2026-05-13,9,672
2026-05-13,10,636
2026-05-13,11,617
2026-05-13,12,702
2026-05-13,13,770
2026-05-13,14,796
2026-05-13,15,707
2026-05-13,16,496
2026-05-13,17,324
2026-05-13,18,382
2026-05-13,19,357
2026-05-13,20,403
2026-05-13,21,324
2026-05-13,22,361
2026-05-13,23,322
2026-05-14,0,362
2026-05-14,1,310
2026-05-14,2,370
2026-05-14,3,383
2026-05-14,4,188
2026-05-14,5,330
2026-05-14,6,363
2026-05-14,7,604
2026-05-14,8,662
2026-05-14,9,712
2026-05-14,10,488
2026-05-14,11,508
2026-05-14,12,828
2026-05-14,13,739
2026-05-14,14,662
2026-05-14,15,717
2026-05-14,16,631
2026-05-14,17,363
2026-05-14,18,338
2026-05-14,19,348
2026-05-14,20,266
2026-05-14,21,394
2026-05-14,22,259
2026-05-14,23,455
2026-05-15,0,352
2026-05-15,1,231
2026-05-15,2,83
2026-05-15,3,199
2026-05-15,4,76
2026-05-15,5,228
2026-05-15,6,279
2026-05-15,7,165
2026-05-15,8,188
2026-05-15,9,207
2026-05-15,10,129
2026-05-15,11,43
2026-05-15,12,27
2026-05-15,13,22
2026-05-15,14,5
2026-05-15,15,1
2026-05-15,16,1
2026-05-16,6,2
2026-05-16,7,2
2026-05-16,9,1
2026-05-16,11,3
2026-05-16,15,1
2026-05-16,16,1
2026-05-17,3,3
2026-05-17,5,411
2026-05-17,6,711
2026-05-17,7,739
2026-05-17,8,679
2026-05-17,9,887
2026-05-17,10,698
2026-05-17,11,610
2026-05-17,12,845
2026-05-17,13,859
2026-05-17,14,900
2026-05-17,15,809
2026-05-17,16,651
2026-05-17,17,258
2026-05-17,18,304
2026-05-17,19,159
2026-05-17,20,238
2026-05-17,21,243
2026-05-17,22,189
2026-05-17,23,331
2026-05-18,0,316
2026-05-18,1,324
2026-05-18,2,274
2026-05-18,3,197
2026-05-18,4,117
2026-05-18,5,96
2026-05-18,6,506
2026-05-18,7,395
2026-05-18,8,525
2026-05-18,9,794
2026-05-18,10,658
2026-05-18,11,518
2026-05-18,12,713
2026-05-18,13,723
2026-05-18,14,602
2026-05-18,15,759
2026-05-18,16,584
2026-05-18,17,166
2026-05-18,18,203
2026-05-18,19,202
2026-05-18,20,280
2026-05-18,21,206
2026-05-18,22,184
2026-05-18,23,234
2026-05-19,0,149
2026-05-19,1,205
2026-05-19,2,231
2026-05-19,3,185
2026-05-19,4,84
2026-05-19,5,533
2026-05-19,6,501
2026-05-19,7,325
2026-05-19,8,405
2026-05-19,9,448
2026-05-19,10,493
2026-05-19,11,302
2026-05-19,12,531
2026-05-19,13,455
2026-05-19,14,412
2026-05-19,15,455
2026-05-19,16,352
2026-05-19,17,37
2026-05-19,18,109
2026-05-19,19,96
2026-05-19,20,114
2026-05-19,21,57
2026-05-19,22,73
2026-05-19,23,122
2026-05-20,0,67
2026-05-20,1,154
2026-05-20,2,167
2026-05-20,3,127
2026-05-20,4,80
2026-05-20,5,281
2026-05-20,6,415
2026-05-20,7,462
2026-05-20,8,257
2026-05-20,9,537
2026-05-20,10,461
2026-05-20,11,362
2026-05-20,12,520
2026-05-20,13,468
2026-05-20,14,410
2026-05-20,15,453
2026-05-20,16,588
2026-05-20,17,123
2026-05-20,18,165
2026-05-20,19,145
2026-05-20,20,133
2026-05-20,21,154
2026-05-20,22,146
2026-05-20,23,84
2026-05-21,0,62
2026-05-21,1,143
2026-05-21,2,160
2026-05-21,3,107
2026-05-21,4,133
2026-05-21,5,392
2026-05-21,6,543
2026-05-21,7,251
2026-05-21,8,279
2026-05-21,9,530
2026-05-21,10,420
2026-05-21,11,475
2026-05-21,12,592
2026-05-21,13,543
2026-05-21,14,441
2026-05-21,15,659
2026-05-21,16,610
2026-05-21,17,21
2026-05-21,18,51
2026-05-21,19,51
2026-05-21,20,118
2026-05-21,21,111
2026-05-21,22,101
2026-05-21,23,146
2026-05-22,0,165
2026-05-22,1,117
2026-05-22,2,130
2026-05-22,3,157
2026-05-22,4,97
2026-05-22,5,184
2026-05-22,6,353
2026-05-22,7,260
2026-05-22,8,365
2026-05-22,9,495
2026-05-22,10,439
2026-05-22,11,404
2026-05-22,12,437
2026-05-22,13,285
2026-05-22,14,225
2026-05-22,15,274
2026-05-22,16,288
2026-05-22,17,116
2026-05-22,18,122
2026-05-22,19,25
2026-05-22,20,70
2026-05-22,21,50
2026-05-22,22,44
2026-05-22,23,121
2026-05-23,0,127
2026-05-23,1,123
2026-05-23,2,121
2026-05-23,3,105
2026-05-23,4,72
2026-05-23,5,13
2026-05-23,6,18
2026-05-23,7,43
2026-05-23,8,76
2026-05-23,9,55
2026-05-23,10,12
2026-05-23,11,36
2026-05-23,12,10
2026-05-23,13,16
2026-05-23,15,25
2026-05-23,16,17
2026-05-23,17,15
2026-05-23,18,9
2026-05-23,19,24
2026-05-23,20,51
2026-05-23,21,65
2026-05-23,22,19
2026-05-23,23,43
2026-05-24,0,38
2026-05-24,1,38
2026-05-24,2,9
2026-05-24,3,47
2026-05-24,4,34
2026-05-24,5,323
2026-05-24,6,371
2026-05-24,7,256
2026-05-24,8,314
2026-05-24,9,321
2026-05-24,10,186
2026-05-24,11,258
2026-05-24,12,248
2026-05-24,13,345
2026-05-24,14,249
2026-05-24,15,361
2026-05-24,16,277
2026-05-24,17,133
2026-05-24,18,300
2026-05-24,19,221
2026-05-24,20,265
2026-05-24,21,280
2026-05-24,22,254
2026-05-24,23,152
2026-05-25,0,267
2026-05-25,1,339
2026-05-25,2,301
2026-05-25,3,305
2026-05-25,4,230
2026-05-25,5,255
2026-05-25,6,396
2026-05-25,7,543
2026-05-25,8,318
2026-05-25,9,386
2026-05-25,10,318
2026-05-25,11,308
2026-05-25,12,475
2026-05-25,13,355
2026-05-25,14,203
2026-05-25,15,401
2026-05-25,16,251
2026-05-25,17,132
2026-05-25,18,193
2026-05-25,19,146
2026-05-25,20,177
2026-05-25,21,218
2026-05-25,22,168
2026-05-25,23,134
2026-05-26,0,217
2026-05-26,1,183
2026-05-26,2,164
2026-05-26,3,172
2026-05-26,4,148
2026-05-26,5,365
2026-05-26,6,413
2026-05-26,7,454
2026-05-26,8,307
2026-05-26,9,525
2026-05-26,10,397
2026-05-26,11,356
2026-05-26,12,381
2026-05-26,13,463
2026-05-26,14,346
2026-05-26,15,449
2026-05-26,16,515
2026-05-26,17,281
2026-05-26,18,213
2026-05-26,19,242
2026-05-26,20,139
2026-05-26,21,117
2026-05-26,22,194
2026-05-26,23,119
2026-05-27,0,140
2026-05-27,1,230
2026-05-27,2,301
2026-05-27,3,153
2026-05-27,4,205
2026-05-27,5,397
2026-05-27,6,526
2026-05-27,7,355
2026-05-27,8,381
2026-05-27,9,579
2026-05-27,10,488
2026-05-27,11,326
2026-05-27,12,503
2026-05-27,13,730
2026-05-27,14,401
2026-05-27,15,285
2026-05-27,16,478
2026-05-27,17,147
2026-05-27,18,184
2026-05-27,19,191
2026-05-27,20,266
2026-05-27,21,291
2026-05-27,22,222
2026-05-27,23,202
2026-05-28,0,258
2026-05-28,1,240
2026-05-28,2,199
2026-05-28,3,196
2026-05-28,4,186
2026-05-28,5,278
2026-05-28,6,676
2026-05-28,7,561
2026-05-28,8,313
2026-05-28,9,533
2026-05-28,10,567
2026-05-28,11,367
2026-05-28,12,598
2026-05-28,13,673
2026-05-28,14,398
2026-05-28,15,677
2026-05-28,16,619
2026-05-28,17,239
2026-05-28,18,392
2026-05-28,19,217
2026-05-28,20,362
2026-05-28,21,514
2026-05-28,22,391
2026-05-28,23,330
2026-05-29,0,344
2026-05-29,1,281
2026-05-29,2,279
2026-05-29,3,344
2026-05-29,4,249
2026-05-29,5,480
2026-05-29,6,492
2026-05-29,7,523
2026-05-29,8,208
2026-05-29,9,440
2026-05-29,10,481
2026-05-29,11,366
2026-05-29,12,417
2026-05-29,13,589
2026-05-29,14,340
2026-05-29,15,478
2026-05-29,16,465
2026-05-29,17,113
2026-05-29,18,204
2026-05-29,19,150
2026-05-29,20,161
2026-05-29,21,157
2026-05-29,22,206
2026-05-29,23,151
2026-05-30,0,219
2026-05-30,1,195
2026-05-30,2,298
2026-05-30,3,133
2026-05-30,4,167
2026-05-30,5,344
2026-05-30,6,361
2026-05-30,7,347
2026-05-30,8,232
2026-05-30,9,202
2026-05-30,10,382
2026-05-30,11,225
2026-05-30,12,297
2026-05-30,13,410
2026-05-30,14,213
2026-05-30,15,323
2026-05-30,16,225
2026-05-30,17,130
2026-05-30,18,202
2026-05-30,19,245
2026-05-30,20,176
2026-05-30,21,148
2026-05-30,22,215
2026-05-30,23,174
2026-05-31,0,206
2026-05-31,1,158
2026-05-31,2,161
2026-05-31,3,164
2026-05-31,4,172
2026-05-31,5,406
2026-05-31,6,524
2026-05-31,7,439
2026-05-31,8,350
2026-05-31,9,625
2026-05-31,10,519
2026-05-31,11,272
2026-05-31,12,412
2026-05-31,13,495
2026-05-31,14,400
2026-05-31,15,382
2026-05-31,16,592
2026-05-31,17,190
2026-05-31,18,226
2026-05-31,19,217
2026-05-31,20,182
2026-05-31,21,231
2026-05-31,22,103
2026-05-31,23,47
2026-06-01,0,94
2026-06-01,1,130
2026-06-01,2,155
2026-06-01,3,162
2026-06-01,4,153
2026-06-01,5,286
2026-06-01,6,860
2026-06-01,7,716
2026-06-01,8,387
2026-06-01,9,774
2026-06-01,10,646
2026-06-01,11,409
2026-06-01,12,605
2026-06-01,13,660
2026-06-01,14,511
2026-06-01,15,553
2026-06-01,16,798
2026-06-01,17,306
2026-06-01,18,354
2026-06-01,19,225
2026-06-01,20,250
2026-06-01,21,235
2026-06-01,22,252
2026-06-01,23,280
2026-06-02,0,182
2026-06-02,1,180
2026-06-02,2,261
2026-06-02,3,251
2026-06-02,4,208
2026-06-02,5,526
2026-06-02,6,702
2026-06-02,7,447
2026-06-02,8,313
2026-06-02,9,645
2026-06-02,10,541
2026-06-02,11,337
2026-06-02,12,161
2026-06-02,13,413
2026-06-02,14,490
2026-06-02,15,453
2026-06-02,16,485
2026-06-02,17,113
2026-06-02,18,251
2026-06-02,19,155
2026-06-02,20,232
2026-06-02,21,235
2026-06-02,22,227
2026-06-02,23,228
2026-06-03,0,276
2026-06-03,1,295
2026-06-03,2,240
2026-06-03,3,202
2026-06-03,4,230
2026-06-03,5,429
2026-06-03,6,404
2026-06-03,7,409
2026-06-03,8,275
2026-06-03,9,480
2026-06-03,10,509
2026-06-03,11,451
2026-06-03,12,230
2026-06-03,13,528
2026-06-03,14,250
2026-06-03,15,437
2026-06-03,16,419
2026-06-03,17,163
2026-06-03,18,195
2026-06-03,19,228
2026-06-03,20,254
2026-06-03,21,181
2026-06-03,22,222
2026-06-03,23,151
2026-06-04,0,190
2026-06-04,1,192
2026-06-04,2,182
2026-06-04,3,164
2026-06-04,4,200
2026-06-04,5,473
2026-06-04,6,850
2026-06-04,7,666
2026-06-04,8,252
2026-06-04,9,718
2026-06-04,10,690
2026-06-04,11,465
2026-06-04,12,387
2026-06-04,13,708
2026-06-04,14,643
2026-06-04,15,478
2026-06-04,16,601
2026-06-04,17,175
2026-06-04,18,354
2026-06-04,19,234
2026-06-04,20,311
2026-06-04,21,242
2026-06-04,22,275
2026-06-04,23,200
2026-06-05,0,269
2026-06-05,1,273
2026-06-05,2,282
2026-06-05,3,340
2026-06-05,4,228
2026-06-05,5,329
2026-06-05,6,426
2026-06-05,7,467
2026-06-05,8,287
2026-06-05,9,447
2026-06-05,10,386
2026-06-05,11,300
2026-06-05,12,496
2026-06-05,13,458
2026-06-05,14,323
2026-06-05,15,486
2026-06-05,16,391
2026-06-05,17,101
2026-06-05,18,65
2026-06-05,19,118
2026-06-05,20,138
2026-06-05,21,171
2026-06-05,22,155
2026-06-05,23,97
2026-06-06,0,208
2026-06-06,1,90
2026-06-06,2,29
2026-06-06,3,94
2026-06-06,4,99
2026-06-06,5,83
2026-06-06,6,204
2026-06-06,7,177
2026-06-06,8,150
2026-06-06,9,221
2026-06-06,10,189
2026-06-06,11,190
2026-06-06,12,177
2026-06-06,13,166
2026-06-06,14,183
2026-06-06,15,171
2026-06-06,16,149
2026-06-06,17,24
2026-06-06,18,19
2026-06-06,19,17
2026-06-07,5,404
2026-06-07,6,724
2026-06-07,7,773
2026-06-07,8,461
2026-06-07,9,847
2026-06-07,10,876
2026-06-07,11,417
2026-06-07,12,773
2026-06-07,13,908
2026-06-07,14,540
2026-06-07,15,814
2026-06-07,16,629
2026-06-07,17,145
2026-06-07,18,177
2026-06-07,19,100
2026-06-07,20,215
2026-06-07,21,153
2026-06-07,22,176
2026-06-07,23,108
2026-06-08,0,111
2026-06-08,1,155
2026-06-08,2,96
2026-06-08,3,166
2026-06-08,4,124
2026-06-08,5,531
2026-06-08,6,813
2026-06-08,7,881
2026-06-08,8,456
2026-06-08,9,874
2026-06-08,10,628
2026-06-08,11,472
2026-06-08,12,747
2026-06-08,13,721
2026-06-08,14,546
2026-06-08,15,706
2026-06-08,16,576
2026-06-08,17,132
2026-06-08,18,122
2026-06-08,19,137
2026-06-08,20,179
2026-06-08,21,134
2026-06-08,22,124
2026-06-08,23,97
2026-06-09,0,8
2026-06-09,1,33
2026-06-09,2,42
2026-06-09,3,54
2026-06-09,4,32
2026-06-09,5,277
2026-06-09,6,699
2026-06-09,7,486
2026-06-09,8,172
2026-06-09,9,560
2026-06-09,10,744
2026-06-09,11,267
2026-06-09,12,732
2026-06-09,13,793
2026-06-09,14,506
2026-06-09,15,764
2026-06-09,16,658
2026-06-09,17,193
2026-06-09,18,214
2026-06-09,19,142
2026-06-09,20,171
2026-06-09,21,135
2026-06-09,22,161
2026-06-09,23,130
2026-06-10,0,169
2026-06-10,1,175
2026-06-10,2,170
2026-06-10,3,123
2026-06-10,4,180
2026-06-10,5,454
2026-06-10,6,561
2026-06-10,7,669
2026-06-10,8,256
2026-06-10,9,531
2026-06-10,10,447
2026-06-10,11,373
2026-06-10,12,602
2026-06-10,13,698
2026-06-10,14,521
2026-06-10,15,602
2026-06-10,16,450
2026-06-10,17,149
2026-06-10,18,116
2026-06-10,19,114
2026-06-10,20,144
2026-06-10,21,201
2026-06-10,22,243
2026-06-10,23,204
2026-06-11,0,207
2026-06-11,1,237
2026-06-11,2,145
2026-06-11,3,199
2026-06-11,4,222
2026-06-11,5,506
2026-06-11,6,622
2026-06-11,7,640
2026-06-11,8,430
2026-06-11,9,862
2026-06-11,10,549
2026-06-11,11,403
2026-06-11,12,671
2026-06-11,13,618
2026-06-11,14,452
2026-06-11,15,570
2026-06-11,16,611
2026-06-11,17,130
2026-06-11,18,109
2026-06-11,19,126
2026-06-11,20,55
2026-06-11,21,145
2026-06-11,22,152
2026-06-11,23,234
2026-06-12,0,212
2026-06-12,1,276
2026-06-12,2,282
2026-06-12,3,406
2026-06-12,4,375
2026-06-12,5,182
2026-06-12,6,220
2026-06-12,7,277
2026-06-12,8,165
2026-06-12,9,197
2026-06-12,10,171
2026-06-12,11,151
2026-06-12,12,360
2026-06-12,13,272
2026-06-12,14,264
2026-06-12,15,216
2026-06-12,16,200
2026-06-12,17,52
2026-06-12,18,214
2026-06-12,19,109
2026-06-12,20,108
2026-06-12,21,144
2026-06-12,22,69
2026-06-12,23,62
2026-06-13,0,15
2026-06-13,1,63
2026-06-13,2,62
2026-06-13,3,117
2026-06-13,4,120
2026-06-13,5,10
2026-06-13,6,11
2026-06-13,7,39
2026-06-13,8,39
2026-06-13,9,21
2026-06-13,10,17
2026-06-13,11,19
2026-06-13,12,20
2026-06-13,13,21
2026-06-13,14,22
2026-06-13,15,35
2026-06-13,16,55
2026-06-13,17,113
2026-06-13,18,44
2026-06-13,19,4
2026-06-13,20,17
2026-06-13,21,19
2026-06-13,22,10
2026-06-14,4,4
2026-06-14,5,340
2026-06-14,6,519
2026-06-14,7,440
2026-06-14,8,293
2026-06-14,9,532
2026-06-14,10,548
2026-06-14,11,449
2026-06-14,12,541
2026-06-14,13,485
2026-06-14,14,264
2026-06-14,15,424
2026-06-14,16,332
2026-06-14,17,268
2026-06-14,18,320
2026-06-14,19,321
2026-06-14,20,282
2026-06-14,21,277
2026-06-14,22,297
2026-06-14,23,237
2026-06-15,0,303
2026-06-15,1,296
2026-06-15,2,281
2026-06-15,3,362
2026-06-15,4,217
2026-06-15,5,230
2026-06-15,6,373
2026-06-15,7,536
2026-06-15,8,241
2026-06-15,9,498
2026-06-15,10,449
2026-06-15,11,337
2026-06-15,12,267
2026-06-15,13,528
2026-06-15,14,396
2026-06-15,15,462
2026-06-15,16,359
2026-06-15,17,339
2026-06-15,18,304
2026-06-15,19,214
2026-06-15,20,253
2026-06-15,21,304
2026-06-15,22,235
2026-06-15,23,295
2026-06-16,0,259
2026-06-16,1,311
2026-06-16,2,204
2026-06-16,3,409
2026-06-16,4,298
2026-06-16,5,290
2026-06-16,6,398
2026-06-16,7,986
2026-06-16,8,311
2026-06-16,9,395
2026-06-16,10,374
2026-06-16,11,202
2026-06-16,12,343
2026-06-16,13,357
2026-06-16,14,237
2026-06-16,15,392
2026-06-16,16,362
2026-06-16,17,293
2026-06-16,18,390
2026-06-16,19,250
2026-06-16,20,209
2026-06-16,21,287
2026-06-16,22,185
2026-06-16,23,222
2026-06-17,0,153
2026-06-17,1,208
2026-06-17,2,244
2026-06-17,3,236
2026-06-17,4,254
2026-06-17,5,275
2026-06-17,6,364
2026-06-17,7,629
2026-06-17,8,236
2026-06-17,9,358
2026-06-17,10,343
2026-06-17,11,228
2026-06-17,12,348
2026-06-17,13,389
2026-06-17,14,329
2026-06-17,15,546
2026-06-17,16,332
2026-06-17,17,200
2026-06-17,18,284
2026-06-17,19,510
2026-06-17,20,237
2026-06-17,21,270
2026-06-17,22,281
2026-06-17,23,352
2026-06-18,0,247
2026-06-18,1,356
2026-06-18,2,370
2026-06-18,3,545
2026-06-18,4,503
2026-06-18,5,332
2026-06-18,6,331
2026-06-18,7,435
2026-06-18,8,277
2026-06-18,9,322
2026-06-18,10,534
2026-06-18,11,377
2026-06-18,12,366
2026-06-18,13,364
2026-06-18,14,233
2026-06-18,15,164
2026-06-18,16,416
2026-06-18,17,250
2026-06-18,18,272
2026-06-18,19,249
2026-06-18,20,279
2026-06-18,21,324
2026-06-18,22,332
2026-06-18,23,263
2026-06-19,0,357
2026-06-19,1,350
2026-06-19,2,96
2026-06-19,3,302
2026-06-19,4,387
2026-06-19,5,233
2026-06-19,6,244
2026-06-19,7,274
2026-06-19,8,155
2026-06-19,9,291
2026-06-19,10,288
2026-06-19,11,172
2026-06-19,12,329
2026-06-19,13,315
2026-06-19,14,217
2026-06-19,15,282
2026-06-19,16,319
2026-06-19,17,188
2026-06-19,18,176
2026-06-19,19,133
2026-06-19,20,103
2026-06-19,21,53
2026-06-19,22,114
2026-06-19,23,128
2026-06-20,0,108
2026-06-20,1,206
2026-06-20,2,209
2026-06-20,3,189
2026-06-20,4,243
2026-06-20,5,16
2026-06-20,6,65
2026-06-20,7,92
2026-06-20,8,77
2026-06-20,9,65
2026-06-20,10,56
2026-06-20,11,51
2026-06-20,12,128
2026-06-20,13,51
2026-06-20,14,108
2026-06-20,15,59
2026-06-20,16,37
2026-06-20,17,106
2026-06-20,18,110
2026-06-20,19,150
2026-06-20,20,59
2026-06-20,21,61
2026-06-20,22,152
2026-06-20,23,90
2026-06-21,0,104
2026-06-21,1,103
2026-06-21,2,86
2026-06-21,3,75
2026-06-21,4,101
2026-06-21,5,302
2026-06-21,6,439
2026-06-21,7,479
2026-06-21,8,300
2026-06-21,9,460
2026-06-21,10,470
2026-06-21,11,374
2026-06-21,12,410
2026-06-21,13,414
2026-06-21,14,263
2026-06-21,15,298
2026-06-21,16,390
2026-06-21,17,263
2026-06-21,18,230
2026-06-21,19,234
2026-06-21,20,212
2026-06-21,21,208
2026-06-21,22,241
2026-06-21,23,316
2026-06-22,0,109
2026-06-22,1,79
2026-06-22,2,169
2026-06-22,3,234
2026-06-22,4,209
2026-06-22,5,524
2026-06-22,6,586
2026-06-22,7,781
2026-06-22,8,381
2026-06-22,9,644
2026-06-22,10,607
2026-06-22,11,395
2026-06-22,12,380
2026-06-22,13,416
2026-06-22,14,350
2026-06-22,15,323
2026-06-22,16,492
2026-06-22,17,296
2026-06-22,18,237
2026-06-22,19,184
2026-06-22,20,193
2026-06-22,21,189
2026-06-22,22,191
2026-06-22,23,220
2026-06-23,0,205
2026-06-23,1,206
2026-06-23,2,220
2026-06-23,3,374
2026-06-23,4,280
2026-06-23,5,461
2026-06-23,6,529
2026-06-23,7,367
2026-06-23,8,279
2026-06-23,9,554
2026-06-23,10,425
2026-06-23,11,270
2026-06-23,12,504
2026-06-23,13,471
2026-06-23,14,341
2026-06-23,15,542
2026-06-23,16,406
2026-06-23,17,301
2026-06-23,18,296
2026-06-23,19,248
2026-06-23,20,259
2026-06-23,21,253
2026-06-23,22,217
2026-06-23,23,181
2026-06-24,0,231
2026-06-24,1,317
2026-06-24,2,212
2026-06-24,3,294
2026-06-24,4,469
2026-06-24,5,820
2026-06-24,6,546
2026-06-24,7,281
2026-06-24,8,444
2026-06-24,9,534
2026-06-24,10,544
2026-06-24,11,454
2026-06-24,12,503
2026-06-24,13,677
2026-06-24,14,517
2026-06-24,15,416
2026-06-24,16,373
2026-06-24,17,316
2026-06-24,18,463
2026-06-24,19,381
2026-06-24,20,340
2026-06-24,21,153
2026-06-24,22,249
2026-06-24,23,290
2026-06-25,0,282
2026-06-25,1,288
2026-06-25,2,248
2026-06-25,3,261
2026-06-25,4,231
2026-06-25,5,99
2026-06-25,6,278
2026-06-25,7,259
2026-06-25,8,363
2026-06-25,9,521
2026-06-25,10,501
2026-06-25,11,343
2026-06-25,12,417
2026-06-25,13,562
2026-06-25,14,390
2026-06-25,15,431
2026-06-25,16,418
2026-06-25,17,223
2026-06-25,18,275
2026-06-25,19,224
2026-06-25,20,240
2026-06-25,21,136
2026-06-25,22,265
2026-06-25,23,234
2026-06-26,0,234
2026-06-26,1,297
2026-06-26,2,372
2026-06-26,3,213
2026-06-26,4,288
2026-06-26,5,321
2026-06-26,6,236
2026-06-26,7,158
2026-06-26,8,129
2026-06-26,9,164
2026-06-26,10,228
2026-06-26,11,118
2026-06-26,12,137
2026-06-26,13,184
2026-06-26,14,125
2026-06-26,15,137
2026-06-26,16,144
2026-06-26,17,16
2026-06-26,18,46
2026-06-26,19,67
2026-06-26,20,14
2026-06-26,21,44
2026-06-26,22,20
2026-06-26,23,2
2026-06-27,0,27
2026-06-27,1,39
2026-06-27,2,30
2026-06-27,3,3
2026-06-27,6,2
2026-06-27,7,27
2026-06-27,8,7
2026-06-27,9,2
2026-06-27,13,11
2026-06-27,14,9
2026-06-27,15,2
2026-06-27,19,2
2026-06-27,20,6
2026-06-27,21,4
2026-06-27,22,12
2026-06-27,23,1
2026-06-28,5,134
2026-06-28,6,345
2026-06-28,7,378
2026-06-28,8,306
2026-06-28,9,398
2026-06-28,10,298
2026-06-28,11,51
2026-06-28,12,168
2026-06-28,13,323
2026-06-28,14,361
2026-06-28,15,314
2026-06-28,16,246
2026-06-28,17,188
2026-06-28,18,103
2026-06-28,19,208
2026-06-28,20,222
2026-06-28,21,163
2026-06-28,22,235
2026-06-28,23,184
2026-06-29,0,228
2026-06-29,1,240
2026-06-29,2,164
2026-06-29,3,264
2026-06-29,4,207
2026-06-29,5,236
2026-06-29,6,498
2026-06-29,7,381
2026-06-29,8,316
2026-06-29,9,477
2026-06-29,10,296
2026-06-29,11,250
2026-06-29,12,374
2026-06-29,13,311
2026-06-29,14,267
2026-06-29,15,333
2026-06-29,16,271
2026-06-29,17,13
2026-06-29,18,292
2026-06-29,19,250
2026-06-29,20,209
2026-06-29,21,231
2026-06-29,22,334
2026-06-29,23,223
2026-06-30,0,288
2026-06-30,1,221
2026-06-30,2,133
2026-06-30,3,185
2026-06-30,4,156
2026-06-30,5,330
2026-06-30,6,267
2026-06-30,7,375
2026-06-30,8,286
2026-06-30,9,305
2026-06-30,10,294
2026-06-30,11,254
2026-06-30,12,386
2026-06-30,13,271
2026-06-30,14,2
2026-06-30,15,57
2026-06-30,16,22
2026-06-30,18,214
2026-06-30,19,229
2026-06-30,20,241
2026-06-30,21,281
2026-06-30,22,175
2026-06-30,23,149
2026-07-01,0,225
2026-07-01,1,253
2026-07-01,2,267
2026-07-01,3,326
2026-07-01,4,238
2026-07-01,5,414
2026-07-01,6,408
2026-07-01,7,256
2026-07-01,8,104
2026-07-01,9,236
2026-07-01,10,460
2026-07-01,11,304
2026-07-01,12,262
2026-07-01,13,221
2026-07-01,14,291
2026-07-01,15,348
2026-07-01,16,442
2026-07-01,17,137
2026-07-01,18,228
2026-07-01,19,190
2026-07-01,20,210
2026-07-01,21,289
2026-07-01,22,320
2026-07-01,23,305
2026-07-02,0,244
2026-07-02,1,270
2026-07-02,2,292
2026-07-02,3,261
2026-07-02,4,242
2026-07-02,5,203
2026-07-02,6,306
2026-07-02,7,271
2026-07-02,8,223
2026-07-02,9,378
2026-07-02,10,368
2026-07-02,11,300
2026-07-02,12,326
2026-07-02,13,326
2026-07-02,14,270
2026-07-02,15,402
2026-07-02,16,342
2026-07-02,17,103
2026-07-02,18,194
2026-07-02,19,161
2026-07-02,20,211
2026-07-02,21,134
2026-07-02,22,202
2026-07-02,23,237
2026-07-03,0,201
2026-07-03,1,225
2026-07-03,2,232
2026-07-03,3,173
2026-07-03,4,184
2026-07-03,5,157
2026-07-03,6,189
2026-07-03,7,238
2026-07-03,8,256
2026-07-03,9,253
2026-07-03,10,181
2026-07-03,11,155
2026-07-03,12,143
2026-07-03,13,252
2026-07-03,14,226
2026-07-03,15,176
2026-07-03,16,220
2026-07-03,17,207
2026-07-03,18,243
2026-07-03,19,184
2026-07-03,20,134
2026-07-03,21,139
2026-07-03,22,132
2026-07-03,23,41
2026-07-04,0,168
2026-07-04,1,211
2026-07-04,2,184
2026-07-04,3,129
2026-07-04,4,117
2026-07-04,5,253
2026-07-04,6,405
2026-07-04,7,332
2026-07-04,8,155
2026-07-04,9,225
2026-07-04,10,251
2026-07-04,11,207
2026-07-04,12,135
2026-07-04,13,230
2026-07-04,14,204
2026-07-04,15,177
2026-07-04,16,267
2026-07-04,17,82
2026-07-04,18,88
2026-07-04,19,57
2026-07-04,20,126
2026-07-04,21,74
2026-07-04,22,63
2026-07-04,23,90
2026-07-05,0,35
2026-07-05,1,65
2026-07-05,2,74
2026-07-05,3,42
2026-07-05,4,81
2026-07-05,5,299
2026-07-05,6,390
2026-07-05,7,385
2026-07-05,8,242
2026-07-05,9,286
2026-07-05,10,267
2026-07-05,11,304
2026-07-05,12,324
2026-07-05,13,313
2026-07-05,14,270
2026-07-05,15,341
2026-07-05,16,378
2026-07-05,17,183
2026-07-05,18,221
2026-07-05,19,148
2026-07-05,20,88
2026-07-05,21,150
2026-07-05,22,217
2026-07-05,23,215
2026-07-06,0,171
2026-07-06,1,219
2026-07-06,2,181
2026-07-06,3,169
2026-07-06,4,175
2026-07-06,5,121
2026-07-06,6,222
2026-07-06,7,291
2026-07-06,8,141
2026-07-06,9,298
2026-07-06,10,162
2026-07-06,11,183
2026-07-06,12,294
2026-07-06,13,218
2026-07-06,14,261
2026-07-06,15,239
2026-07-06,16,298
2026-07-06,17,125
2026-07-06,18,70
2026-07-06,19,175
2026-07-06,20,122
2026-07-06,21,112
2026-07-06,22,126
2026-07-06,23,69
2026-07-07,0,63
2026-07-07,1,113
2026-07-07,2,169
2026-07-07,3,268
2026-07-07,4,244
2026-07-07,5,166
2026-07-07,6,237
2026-07-07,7,260
2026-07-07,8,172
2026-07-07,9,238
2026-07-07,10,238
2026-07-07,11,230
2026-07-07,12,283
2026-07-07,13,321
2026-07-07,14,341
2026-07-07,15,291
2026-07-07,16,217
2026-07-07,17,65
2026-07-07,18,103
2026-07-07,19,66
2026-07-07,20,174
2026-07-07,21,102
2026-07-07,22,175
2026-07-07,23,332
2026-07-08,0,281
2026-07-08,1,298
2026-07-08,2,101
2026-07-08,3,35
2026-07-08,4,100
2026-07-08,5,240
2026-07-08,6,308
2026-07-08,7,343
2026-07-08,8,389
2026-07-08,9,367
2026-07-08,10,311
2026-07-08,11,236
2026-07-08,12,357
2026-07-08,13,446
2026-07-08,14,347
2026-07-08,15,235
2026-07-08,16,291
2026-07-08,17,80
2026-07-08,18,234
2026-07-08,19,260
2026-07-08,20,217
2026-07-08,21,167
2026-07-08,22,122
2026-07-08,23,49
2026-07-09,0,72
2026-07-09,1,143
2026-07-09,2,324
2026-07-09,3,109
2026-07-09,4,167
2026-07-09,5,198
2026-07-09,6,327
2026-07-09,7,258
2026-07-09,8,290
2026-07-09,9,224
2026-07-09,10,206
2026-07-09,11,178
2026-07-09,12,230
2026-07-09,13,242
2026-07-09,14,220
2026-07-09,15,229
2026-07-09,16,237
2026-07-09,17,168
2026-07-09,18,201
2026-07-09,19,170
2026-07-09,20,116
2026-07-09,21,190
2026-07-09,22,245
2026-07-09,23,149
2026-07-10,0,208
2026-07-10,1,193
2026-07-10,2,215
2026-07-10,3,201
2026-07-10,4,123
2026-07-10,5,177
2026-07-10,6,302
2026-07-10,7,298
2026-07-10,8,194
2026-07-10,9,352
2026-07-10,10,337
2026-07-10,11,159
2026-07-10,12,230
2026-07-10,13,271
2026-07-10,14,235
2026-07-10,15,240
2026-07-10,16,196
2026-07-10,17,243
2026-07-10,18,283
2026-07-10,19,259
2026-07-10,20,250
2026-07-10,21,236
2026-07-10,22,199
2026-07-10,23,276
2026-07-11,0,272
2026-07-11,1,283
2026-07-11,2,305
2026-07-11,3,344
2026-07-11,4,272
2026-07-11,5,78
2026-07-11,6,81
2026-07-11,7,117
2026-07-11,8,175
2026-07-11,9,228
2026-07-11,10,158
2026-07-11,11,102
2026-07-11,12,213
2026-07-11,13,185
2026-07-11,14,148
2026-07-11,15,184
2026-07-11,16,183
2026-07-11,17,79
2026-07-11,18,107
2026-07-11,19,91
2026-07-11,20,48
2026-07-11,21,111
2026-07-11,22,73
2026-07-11,23,74
2026-07-12,0,33
2026-07-12,1,47
2026-07-12,2,136
2026-07-12,3,123
2026-07-12,4,152
2026-07-12,5,256
2026-07-12,6,383
2026-07-12,7,300
2026-07-12,8,237
2026-07-12,9,243
2026-07-12,10,403
2026-07-12,11,395
2026-07-12,12,361
2026-07-12,13,503
2026-07-12,14,404
2026-07-12,15,322
2026-07-12,16,397
2026-07-12,17,415
2026-07-12,18,376
2026-07-12,19,361
2026-07-12,20,319
2026-07-12,21,289
2026-07-12,22,414
2026-07-12,23,291
2026-07-13,0,324
2026-07-13,1,279
2026-07-13,2,403
2026-07-13,3,247
2026-07-13,4,329
2026-07-13,5,239
2026-07-13,6,270
2026-07-13,7,196
2026-07-13,8,311
2026-07-13,9,186
2026-07-13,10,260
2026-07-13,11,317
2026-07-13,12,440
2026-07-13,13,419
2026-07-13,14,305
2026-07-13,15,269
2026-07-13,16,382
2026-07-13,17,332
2026-07-13,18,475
2026-07-13,19,352
2026-07-13,20,265
2026-07-13,21,331
2026-07-13,22,299
2026-07-13,23,337
2026-07-14,0,388
2026-07-14,1,349
2026-07-14,2,379
2026-07-14,3,281
2026-07-14,4,303
2026-07-14,5,127
2026-07-14,6,310
2026-07-14,7,151
2026-07-14,8,395
2026-07-14,9,340
2026-07-14,10,179
2026-07-14,11,286
2026-07-14,12,365
2026-07-14,13,255
2026-07-14,14,321
2026-07-14,15,532
2026-07-14,16,340
2026-07-14,17,225
2026-07-14,18,202
2026-07-14,19,261
2026-07-14,20,250
2026-07-14,21,235
2026-07-14,22,260
2026-07-14,23,249
2026-07-15,0,276
2026-07-15,1,244
2026-07-15,2,273
2026-07-15,3,392
2026-07-15,4,275
2026-07-15,5,323
2026-07-15,6,400
2026-07-15,7,392
2026-07-15,8,312
2026-07-15,9,355
2026-07-15,10,153
2026-07-15,11,233
2026-07-15,12,296
2026-07-15,13,402
2026-07-15,14,353
2026-07-15,15,391
2026-07-15,16,285
2026-07-15,17,259
2026-07-15,18,321
2026-07-15,19,288
2026-07-15,20,317
2026-07-15,21,253
2026-07-15,22,326
2026-07-15,23,353
2026-07-16,0,266
2026-07-16,1,399
2026-07-16,2,486
2026-07-16,3,550
2026-07-16,4,373
2026-07-16,5,378
2026-07-16,6,598
2026-07-16,7,495
2026-07-16,8,311
2026-07-16,9,478
2026-07-16,10,142
2026-07-16,11,110
2026-07-16,12,207
2026-07-16,13,427
2026-07-16,14,423
2026-07-16,15,450
2026-07-16,16,454
2026-07-16,17,358
2026-07-16,18,380
2026-07-16,19,423
2026-07-16,20,335
2026-07-16,21,352
2026-07-16,22,427
2026-07-16,23,352
2026-07-17,0,291
2026-07-17,1,309
2026-07-17,2,29
2026-07-17,3,350
2026-07-17,4,598
2026-07-17,5,148
2026-07-17,6,216
2026-07-17,7,376
2026-07-17,8,156
2026-07-17,9,221
2026-07-17,10,181
2026-07-17,11,228
2026-07-17,12,195
2026-07-17,13,225
2026-07-17,14,150
2026-07-17,15,142
2026-07-17,16,218
2026-07-17,17,144
2026-07-17,18,204
2026-07-17,19,122
2026-07-17,20,190
2026-07-17,21,138
2026-07-17,22,177
2026-07-17,23,69
2026-07-18,0,118
2026-07-18,1,153
2026-07-18,2,184
2026-07-18,3,90
2026-07-18,4,123
2026-07-18,5,95
2026-07-18,7,104
2026-07-18,8,360
2026-07-18,9,277
2026-07-18,10,255
2026-07-18,11,238
2026-07-18,12,152
2026-07-18,13,280
2026-07-18,14,308
2026-07-18,15,214
2026-07-18,16,222
2026-07-18,17,333
2026-07-18,18,264
2026-07-18,19,248
2026-07-18,20,250
2026-07-18,21,244
2026-07-18,22,331
2026-07-18,23,241
2026-07-19,0,160
2026-07-19,1,336
2026-07-19,2,237
2026-07-19,3,90
2026-07-19,4,284
2026-07-19,5,245
2026-07-19,6,504
2026-07-19,7,502
2026-07-19,8,351
2026-07-19,9,420
2026-07-19,10,448
2026-07-19,11,235
2026-07-19,12,362
2026-07-19,13,571
2026-07-19,14,289
2026-07-19,15,382
2026-07-19,16,456
2026-07-19,17,170
2026-07-19,18,276
2026-07-19,19,290
2026-07-19,20,332
2026-07-19,21,213
2026-07-19,22,306
2026-07-19,23,271
2026-07-20,0,438
2026-07-20,1,367
2026-07-20,2,351
2026-07-20,3,314
2026-07-20,4,275
2026-07-20,5,472
2026-07-20,6,564
2026-07-20,7,485
2026-07-20,8,344
2026-07-20,9,468
2026-07-20,10,436
2026-07-20,11,310
2026-07-20,12,448
2026-07-20,13,447
2026-07-20,14,368
2026-07-20,15,513
2026-07-20,16,444
2026-07-20,17,71
2026-07-20,18,237
2026-07-20,19,314
2026-07-20,20,250
2026-07-20,21,292
2026-07-20,22,279
2026-07-20,23,248
2026-07-21,0,246
2026-07-21,1,253
2026-07-21,2,235
2026-07-21,3,234
2026-07-21,4,129
2026-07-21,5,298
2026-07-21,6,389
2026-07-21,7,429
2026-07-21,8,311
2026-07-21,9,358
2026-07-21,10,427
2026-07-21,11,289
2026-07-21,12,423
2026-07-21,13,639
2026-07-21,14,501
2026-07-21,15,560
2026-07-21,16,548
2026-07-21,17,264
2026-07-21,18,310
2026-07-21,19,233
2026-07-21,20,242
2026-07-21,21,277
2026-07-21,22,248
2026-07-21,23,226
2026-07-22,0,281
2026-07-22,1,344
2026-07-22,2,241
2026-07-22,3,164
2026-07-22,4,175
2026-07-22,5,307
2026-07-22,6,361
2026-07-22,7,453
2026-07-22,8,182
2026-07-22,9,260
2026-07-22,10,345
2026-07-22,11,386
2026-07-22,12,406
2026-07-22,13,456
2026-07-22,14,482
2026-07-22,15,539
2026-07-22,16,552
2026-07-22,17,117
2026-07-22,18,146
2026-07-22,19,193
2026-07-22,20,146
2026-07-22,21,241
2026-07-22,22,192
2026-07-22,23,131
2026-07-23,0,213
2026-07-23,1,338
2026-07-23,2,204
2026-07-23,3,107
2026-07-23,4,177
2026-07-23,5,358
2026-07-23,6,516
2026-07-23,7,567
2026-07-23,8,338
2026-07-23,9,419
2026-07-23,10,428
2026-07-23,11,228
2026-07-23,12,389
2026-07-23,13,412
2026-07-23,14,281
2026-07-23,15,238
2026-07-23,16,341
2026-07-23,17,89
2026-07-23,18,288
2026-07-23,19,251
2026-07-23,20,285
2026-07-23,21,267
2026-07-23,22,195
2026-07-23,23,212
2026-07-24,0,294
2026-07-24,1,342
2026-07-24,2,256
2026-07-24,3,228
2026-07-24,4,216
2026-07-24,5,138
2026-07-24,6,262
2026-07-24,7,210
2026-07-24,8,165
2026-07-24,9,195
2026-07-24,10,222
2026-07-24,11,78
2026-07-24,12,156
2026-07-24,13,199
2026-07-24,14,170
2026-07-24,15,121
2026-07-24,16,153
2026-07-24,17,166
2026-07-24,18,223
2026-07-24,19,297
2026-07-24,20,238
2026-07-24,21,262
2026-07-24,22,239
2026-07-24,23,166
2026-07-25,0,219
2026-07-25,1,243
2026-07-25,2,206
2026-07-25,3,244
2026-07-25,4,157
2026-07-25,5,165
2026-07-25,6,232
2026-07-25,7,213
2026-07-25,8,175
2026-07-25,9,263
2026-07-25,10,194
2026-07-25,11,132
2026-07-25,12,124
2026-07-25,13,273
2026-07-25,14,169
2026-07-25,15,87
2026-07-25,16,198
2026-07-25,17,165
2026-07-25,18,303
2026-07-25,19,257
2026-07-25,20,258
2026-07-25,21,227
2026-07-25,22,195
2026-07-25,23,142
2026-07-26,0,191
2026-07-26,1,191
2026-07-26,2,242
2026-07-26,3,210
2026-07-26,4,236
2026-07-26,5,230
2026-07-26,6,331
2026-07-26,7,269
2026-07-26,8,252
2026-07-26,9,334
2026-07-26,10,334
2026-07-26,11,242
2026-07-26,12,459
2026-07-26,13,353
2026-07-26,14,355
2026-07-26,15,218
2026-07-26,16,186
2026-07-26,17,125
2026-07-26,18,147
2026-07-26,19,124
2026-07-26,20,193
2026-07-26,21,167
2026-07-26,22,141
2026-07-26,23,131
2026-07-27,0,146
2026-07-27,1,271
2026-07-27,2,229
2026-07-27,3,94
2026-07-27,4,124
2026-07-27,5,311
2026-07-27,6,394
2026-07-27,7,357
2026-07-27,8,241
2026-07-27,9,451
2026-07-27,10,391
2026-07-27,11,370
2026-07-27,12,123
2026-07-27,13,501
2026-07-27,14,456
2026-07-27,15,369
2026-07-27,16,336
2026-07-27,17,262
2026-07-27,18,381
2026-07-27,19,231
2026-07-27,20,336
2026-07-27,21,265
2026-07-27,22,319
2026-07-27,23,423
2026-07-28,0,384
2026-07-28,1,462
2026-07-28,2,259
2026-07-28,3,228
2026-07-28,4,284
2026-07-28,5,308
2026-07-28,6,295
2026-07-28,7,383
2026-07-28,8,335
2026-07-28,9,265
2026-07-28,10,410
2026-07-28,11,364
2026-07-28,12,318
2026-07-28,13,355
2026-07-28,14,345
2026-07-28,15,311
2026-07-28,16,312
2026-07-28,17,412
2026-07-28,18,471
2026-07-28,19,380
2026-07-28,20,472
2026-07-28,21,601
2026-07-28,22,505
2026-07-28,23,484
2026-07-29,0,368
2026-07-29,1,535
2026-07-29,2,397
2026-07-29,3,524
2026-07-29,4,441
2026-07-29,5,229
2026-07-29,6,750
2026-07-29,7,423
2026-07-29,8,311
2026-07-29,9,158
